"Päivitetty","Kunta","Varmuus","Tyyppi","Pisteet","Nimi","URL","Kunnan sivu","HTTP","Löytötapa","Osumat"
"13.8.2026 klo 14.28","Akaa","korkea","palvelusivu","999","Ikäihmiset","https://akaa.fi/terveys/hyvinvointia-elintavoilla/hyvinvointia-muuhun-arkeen/ikaihmiset/","https://akaa.fi/","200","aiemmin varmennettu","aiemmin varmennettu"
"13.8.2026 klo 14.28","Alajärvi","keskitaso","viitesivu","285","Vanhusneuvosto","https://alajarvi.fi/kaupunki-ja-hallinto/osallistu-ja-vaikuta/vanhusneuvosto/","https://alajarvi.fi/","200","etusivu","vanhus; seniorit"
"13.8.2026 klo 14.28","Alavieska","keskitaso","viitesivu","210","Alavieskan vanhus- ja vammaisneuvosto tukee omaishoitajia","https://www.alavieska.fi/alavieskan-vanhus-ja-vammaisneuvosto-tukee-omaishoitajia","https://www.alavieska.fi/","200","etusivu","vanhus"
"13.8.2026 klo 14.28","Alavus","keskitaso","palvelusivu","365","Aikuisten ja ikäihmisten ohjattu liikunta","https://www.alavus.fi/fi/vapaa-aika/liikunta/ohjattu-liikunta/aikuiset-ja-ikaihmiset.html","https://www.alavus.fi/","200","etusivu","ikaihmiset; ikäihmisten palvelut; ikäihmiset"
"13.8.2026 klo 14.28","Asikkala","korkea","palvelusivu","999","Senioripalvelut","https://asikkala.fi/terveys-ja-hyvinvointi/senioripalvelut/","https://asikkala.fi/","200","aiemmin varmennettu","aiemmin varmennettu"
"13.8.2026 klo 14.28","Askola","keskitaso","palvelusivu","660","Tupatuessa tapahtuu – yhteisöllistä arkea ikäihmisille","https://askola.fi/tupatuessa-tapahtuu-yhteisollista-arkea-ikaihmisille/","https://askola.fi/","200","etusivu","ikäihmisille; ikaihmisille"
"13.8.2026 klo 14.28","Aura","keskitaso","viitesivu","210","Vanhus- ja vammaisneuvosto","https://www.aura.fi/kunta-ja-paatoksenteko/osallistu-ja-vaikuta-2/vaikuttajaryhmat/vanhus-ja-vammaisneuvosto/","https://aura.fi/","200","etusivu","vanhus"
"13.8.2026 klo 14.28","Brändö","korkea","palvelusivu","999","Äldreomsorg","https://www.brando.ax/vard-och-omsorg/aldreomsorg/","https://www.brando.ax/","200","aiemmin varmennettu","aiemmin varmennettu"
"13.8.2026 klo 14.28","Eckerö","korkea","palvelusivu","999","Äldreomsorg","https://www.eckero.ax/socialservice/aldreomsorg","https://www.eckero.ax/","200","aiemmin varmennettu","aiemmin varmennettu"
"13.8.2026 klo 14.28","Enonkoski","keskitaso","viitesivu","210","You searched for vanhus - Enonkoski","https://enonkoski.fi/?s=vanhus","https://enonkoski.fi/","200","sisäinen haku","vanhus"
"13.8.2026 klo 14.28","Enontekiö","ei löytynyt","","0","","","https://enontekio.fi/","200","",""
"13.8.2026 klo 14.28","Espoo","korkea","palvelusivu","999","Seniorit","https://www.espoo.fi/fi/seniorit","https://www.espoo.fi","200","aiemmin varmennettu","aiemmin varmennettu"
"13.8.2026 klo 14.28","Eura","korkea","palvelusivu","999","Ikäihmiset","https://www.eura.fi/ikaihmiset/","https://www.eura.fi/","200","aiemmin varmennettu","aiemmin varmennettu"
"13.8.2026 klo 14.28","Eurajoki","ei löytynyt","","0","","","https://www.eurajoki.fi/","403","",""
"13.8.2026 klo 14.28","Evijärvi","keskitaso","palvelusivu","405","Senioreille","https://evijarvi.fi/vapaa-aika-ja-nuoriso/kirjasto/senioreille","https://evijarvi.fi/","200","etusivu","senioreille; ikäihmisille"
"13.8.2026 klo 14.28","Finström","korkea","palvelusivu","1110","Hemservice och äldreboende","https://www.finstrom.ax/social-service/hemservice-aldreboende","https://www.finstrom.ax/","200","manuaalinen varmennus","äldreomsorg; aldreomsorg; äldre; aldre; för äldre"
"13.8.2026 klo 14.28","Forssa","keskitaso","viitesivu","210","Vanhusneuvosto","https://www.forssa.fi/kaupunki-ja-hallinto/paatoksenteko/vanhusneuvosto/","https://www.forssa.fi/","200","etusivu","vanhus"
"13.8.2026 klo 14.28","Föglö","korkea","palvelusivu","999","Äldreomsorg","https://www.foglo.ax/social-service/aldreomsorg","https://www.foglo.ax/","200","aiemmin varmennettu","aiemmin varmennettu"
"13.8.2026 klo 14.28","Geta","korkea","palvelusivu","999","Äldreomsorg","https://www.geta.ax/kommunverksamhet/aldreomsorg","https://www.geta.ax/","200","aiemmin varmennettu","aiemmin varmennettu"
"13.8.2026 klo 14.28","Haapajärvi","keskitaso","viitesivu","285","Vanhus- ja vammaisneuvosto","https://www.haapajarvi.fi/palvelu/e8680f5e-92b1-4896-832e-cacf762f73eb","https://www.haapajarvi.fi/","200","sisäinen haku","vanhus; vanhuspalvelu; ikäihmisille"
"13.8.2026 klo 14.28","Haapavesi","keskitaso","viitesivu","210","Vanhus- ja vammaisneuvosto","https://haapavesi.fi/vanhus-ja-vammaisneuvosto","https://haapavesi.fi/","200","etusivu","vanhus"
"13.8.2026 klo 14.28","Hailuoto","keskitaso","viitesivu","210","Vanhus- ja vammaisneuvosto","https://hailuoto.fi/paatoksenteko/vanhus-ja-vammaisneuvosto/","https://hailuoto.fi/","200","etusivu","vanhus"
"13.8.2026 klo 14.28","Halsua","keskitaso","viitesivu","210","HALSUAN KUNTA","https://halsua.fi/?s=vanhus","https://halsua.fi/","200","sisäinen haku","vanhus"
"13.8.2026 klo 14.28","Hamina","korkea","palvelusivu","999","Ikääntyneiden palvelut","https://www.hamina.fi/hyvinvointi-vapaa-aika/iakkaat-asukkaat/ikaantyneiden-palvelut/kymenlaakson-hyvinvointialue/","https://www.hamina.fi/","200","aiemmin varmennettu","aiemmin varmennettu"
"13.8.2026 klo 14.28","Hammarland","korkea","palvelusivu","999","Äldreomsorg","https://www.hammarland.ax/individ-familj/aldreomsorg","https://www.hammarland.ax/","200","aiemmin varmennettu","aiemmin varmennettu"
"13.8.2026 klo 14.28","Hankasalmi","keskitaso","palvelusivu","370","Tuolijumppa Seniorituvalla","https://hankasalmi.fi/sarjat/tuolijumppa-seniorituvalla/","https://hankasalmi.fi/","200","sivukartta","seniorit"
"13.8.2026 klo 14.28","Hanko","korkea","palvelusivu","850","Tjänster för äldre","https://hanko.fi/sv/halsa-och-valmaende/tjanster-for-aldre/","https://hanko.fi/","200","manuaalinen varmennus","för äldre; for aldre; äldre; aldre"
"13.8.2026 klo 14.28","Harjavalta","keskitaso","palvelusivu","600","Digitaitoja ikäihmisille","https://www.harjavalta.fi/digitaitoja-ikaihmisille/","https://www.harjavalta.fi/","200","sivukartta","ikäihmisille; ikaihmisille; vanhus"
"13.8.2026 klo 14.28","Hartola","ei löytynyt","","0","","","https://hartola.fi/","200","",""
"13.8.2026 klo 14.28","Hattula","keskitaso","palvelusivu","690","Ikäihmisille","https://hattula.fi/palvelut/hyvinvointi/ikaihmisille/","https://hattula.fi/","200","etusivu","ikäihmisille; ikaihmisille; ikääntyneiden palvelut; ikääntyneille; vanhus"
"13.8.2026 klo 14.28","Hausjärvi","ei löytynyt","","0","","","https://www.hausjarvi.fi/","500","",""
"13.8.2026 klo 14.28","Heinola","ei löytynyt","","0","","","https://www.heinola.fi/","200","",""
"13.8.2026 klo 14.28","Heinävesi","keskitaso","viitesivu","210","Tulokset haulle: ”vanhus”","https://www.heinavesi.fi/?s=vanhus","https://www.heinavesi.fi/","200","sisäinen haku","vanhus"
"13.8.2026 klo 14.28","Helsinki","korkea","palvelusivu","999","Senioripalvelut","https://www.hel.fi/fi/sosiaali-ja-terveyspalvelut/senioripalvelut","https://hel.fi","200","aiemmin varmennettu","aiemmin varmennettu"
"13.8.2026 klo 14.28","Hirvensalmi","keskitaso","viitesivu","165","HIRVENSALMI","https://www.hirvensalmi.fi/?phrase=vanhus","https://www.hirvensalmi.fi/","200","sisäinen haku","vanhus"
"13.8.2026 klo 14.28","Hollola","keskitaso","palvelusivu","370","Senioreille","https://hollola.fi/senioreille/","https://hollola.fi/","200","etusivu","senioreille"
"13.8.2026 klo 14.28","Huittinen","korkea","palvelusivu","405","Seniorit","https://www.huittinen.fi/vapaa-aika/seniorit/","https://www.huittinen.fi/","200","manuaalinen varmennus","seniorit; senioreille; vanhus"
"13.8.2026 klo 14.28","Humppila","korkea","palvelusivu","0","Seniorit","https://www.humppila.fi/vapaa-aika-ja-matkailu/seniorit/","https://www.humppila.fi/","200","manuaalinen varmennus",""
"13.8.2026 klo 14.28","Hyrynsalmi","keskitaso","viitesivu","210","Hakutulokset","https://hyrynsalmi.fi/?s=vanhus","https://www.hyrynsalmi.fi/","200","sisäinen haku","vanhus"
"13.8.2026 klo 14.28","Hyvinkää","korkea","palvelusivu","999","Ikääntyneiden palvelut","https://www.hyvinkaa.fi/hyvinvointi/ikaantyneiden-palvelut/","https://www.hyvinkaa.fi/","200","aiemmin varmennettu","aiemmin varmennettu"
"13.8.2026 klo 14.28","Hämeenkyrö","keskitaso","viitesivu","600","Joulupostia ikäihmisille -kampanja keräsi lähes 350 joulukorttia Hämeenkyrössä!","https://hameenkyro.fi/joulupostia-ikaihmisille-kampanja-kerasi-lahes-350-joulukorttia-hameenkyrossa/","https://hameenkyro.fi/","200","sivukartta","ikäihmisille; ikaihmisille; ikääntyneille"
"13.8.2026 klo 14.28","Hämeenlinna","keskitaso","viitesivu","210","vanhusneuvosto - Hämeenlinna","https://www.hameenlinna.fi/asiasana/vanhusneuvosto/","https://www.hameenlinna.fi/","200","etusivu","vanhus"
"13.8.2026 klo 14.28","Ii","korkea","palvelusivu","999","Ikäihmiset","https://www.ii.fi/ikaihmiset","https://www.ii.fi/","200","aiemmin varmennettu","aiemmin varmennettu"
"13.8.2026 klo 14.28","Iisalmi","ei löytynyt","","0","","","https://www.iisalmi.fi/","AbortError","",""
"13.8.2026 klo 14.28","Iitti","keskitaso","palvelusivu","690","Ikäihmisille","https://www.iitti.fi/ikaihmisille/","https://www.iitti.fi/","200","etusivu","ikäihmisille; ikaihmisille; ikääntyneille"
"13.8.2026 klo 14.28","Ikaalinen","keskitaso","viitesivu","645","Vanhuspalvelulaki","https://ikaalinen.fi/kaupunki-ja-hallinto/vanhusneuvosto/vanhuspalvelulaki/","https://ikaalinen.fi/","200","sivukartta","vanhuspalvelu; vanhus; ikääntyneille"
"13.8.2026 klo 14.28","Ilmajoki","keskitaso","viitesivu","210","Vanhusten asunnot","https://ilmajoki.fi/asuminen-ja-ymparisto/vuokra-asunnot/vanhusten-ja-vammaisten-asuminen/","https://ilmajoki.fi/","200","etusivu","vanhus"
"13.8.2026 klo 14.28","Ilomantsi","keskitaso","viitesivu","210","Hakutulokset","https://www.ilomantsi.fi/?s=vanhus","https://www.ilomantsi.fi/","200","sisäinen haku","vanhus"
"13.8.2026 klo 14.28","Imatra","keskitaso","palvelusivu","735","Vanhustenviikolla 2. – 9.10. Imatralla on paljon ikäihmisille suunnattua ohjelmaa","https://www.imatra.fi/vanhustenviikolla-2-910-imatralla-paljon-ikaihmisille-suunnattua-ohjelmaa","https://www.imatra.fi/","200","sivukartta","ikäihmisille; ikaihmisille; vanhus"
"13.8.2026 klo 14.28","Inari","keskitaso","viitesivu","210","Vanhus- ja vammaisneuvosto","https://www.inari.fi/fi/osallistuminen/osallistu-ja-vaikuta/vaikuttamistoimielimet/vanhus-ja-vammaisneuvosto.html","https://www.inari.fi/","200","etusivu","vanhus"
"13.8.2026 klo 14.28","Inkoo","keskitaso","palvelusivu","370","Utdelning av halkskydd för seniorer 75+","https://www.inga.fi/2025/12/08/utdelning-av-halkskydd-for-seniorer-75/","https://www.inga.fi/","200","sivukartta","seniorer"
"13.8.2026 klo 14.28","Isojoki","keskitaso","viitesivu","285","Valtakunnallinen Vanhustenviikko 2025","https://isojoki.fi/valtakunnallinen-vanhustenviikko-2025/","https://isojoki.fi/","200","sisäinen haku","vanhus; ikäihmisille"
"13.8.2026 klo 14.28","Isokyrö","korkea","palvelusivu","999","Ikäihmiset","https://isokyro.fi/hyvinvointi-ja-vapaa-aika/ikaihmiset/","https://isokyro.fi/","200","aiemmin varmennettu","aiemmin varmennettu"
"13.8.2026 klo 14.28","Janakkala","keskitaso","palvelusivu","390","Toimintaa ikäihmisille","https://www.janakkala.fi/kuntalaisten-hyvinvointi/ikaantyneiden-olohuonetoiminta/","https://www.janakkala.fi/","200","etusivu","ikäihmisille"
"13.8.2026 klo 14.28","Joensuu","korkea","palvelusivu","999","Ikäihmiset","https://www.joensuu.fi/ikaihmiset/","https://www.joensuu.fi/","200","aiemmin varmennettu","aiemmin varmennettu"
"13.8.2026 klo 14.28","Jokioinen","korkea","palvelusivu","999","Ikääntyneiden palvelut","https://www.jokioinen.fi/vapaa-aika-ja-hyvinvointi/ikaantyneiden-palvelut/","https://www.jokioinen.fi/","200","aiemmin varmennettu","aiemmin varmennettu"
"13.8.2026 klo 14.28","Jomala","keskitaso","palvelusivu","1110","Synpunkter äldreomsorgen","https://www.jomala.ax/blanketter/synpunkter-aldreomsorgen","https://www.jomala.ax/","200","syvälinkki","äldreomsorg; aldreomsorg; äldre; aldre; för äldre"
"13.8.2026 klo 14.28","Joroinen","keskitaso","viitesivu","210","Hakutulokset: vanhus","https://www.joroinen.fi/?s=vanhus","https://www.joroinen.fi/","200","sisäinen haku","vanhus"
"13.8.2026 klo 14.28","Joutsa","korkea","palvelusivu","999","Ikäihmisten palvelut","https://www.joutsa.fi/hyvinvointi-ja-terveys/ikaihmistenpalvelut/","https://www.joutsa.fi/","200","aiemmin varmennettu","aiemmin varmennettu"
"13.8.2026 klo 14.28","Juuka","keskitaso","viitesivu","210","Haku","https://www.juuka.fi/?s=vanhus","https://www.juuka.fi/","200","sisäinen haku","vanhus"
"13.8.2026 klo 14.28","Juupajoki","keskitaso","palvelusivu","660","Ikäihmisille","https://juupajoki.fi/ikaihmisille/","https://juupajoki.fi/","200","etusivu","ikäihmisille; ikaihmisille"
"13.8.2026 klo 14.28","Juva","keskitaso","viitesivu","210","Onnellinen elämä eläkkeellä &ndash; Rauni Vasara nauttii eläkepäivistään Juvalla","https://www.juva.fi/asukastarina-onnellinen-elama","https://www.juva.fi/","200","etusivu","eläkkeellä"
"13.8.2026 klo 14.28","Jyväskylä","korkea","palvelusivu","600","Palveluja senioreille","https://www.jyvaskyla.fi/palveluja-senioreille","https://www.jyvaskyla.fi/","200","manuaalinen varmennus","ikääntyneille; ikaantyneille; ikääntyneet; senioreille; vanhus"
"13.8.2026 klo 14.28","Jämijärvi","keskitaso","viitesivu","210","Tulokset haulle: ”vanhus”","https://jamijarvi.fi/?s=vanhus","https://jamijarvi.fi/","200","sisäinen haku","vanhus"
"13.8.2026 klo 14.28","Jämsä","ei löytynyt","","0","","","https://www.jamsa.fi/","200","",""
"13.8.2026 klo 14.28","Järvenpää","korkea","palvelusivu","999","Ikäihmiset","https://www.jarvenpaa.fi/hyvinvointi-ja-terveys/ikaihmiset","https://www.jarvenpaa.fi/","200","aiemmin varmennettu","aiemmin varmennettu"
"13.8.2026 klo 14.28","Kaarina","keskitaso","palvelusivu","690","Ikäihmisille","https://kaarina.fi/fi/etusivu/ikaihmisille","https://kaarina.fi/","200","etusivu","ikäihmisille; ikaihmisille; ikääntyneiden palvelut; ikääntyneille"
"13.8.2026 klo 14.28","Kaavi","keskitaso","viitesivu","210","Vanhus ja vammaisneuvosto","https://kaavi.fi/byrokratia-ja-paatoksenteko/lautakunnat-ja-neuvostot/vanhus-ja-vammaisneuvosto/","https://kaavi.fi/","200","etusivu","vanhus"
"13.8.2026 klo 14.28","Kajaani","keskitaso","palvelusivu","600","Hyvinvointia ja liikettä ikäihmisille syksyyn 2026","https://kajaani.fi/tiedotteet/hyvinvointia-ja-liiketta-ikaihmisille-syksyyn-2026/","https://www.kajaani.fi/","200","sivukartta","ikäihmisille; ikaihmisille; ikäihmiset; ikääntyneille"
"13.8.2026 klo 14.28","Kalajoki","ei löytynyt","","0","","","https://www.kalajoki.fi/","200","",""
"13.8.2026 klo 14.28","Kangasala","korkea","palvelusivu","495","Ikääntyneille","https://www.kangasala.fi/kohderyhmat/ikaantyneille/","https://www.kangasala.fi/","200","manuaalinen varmennus","senioreille; ikääntyneille; seniorit"
"13.8.2026 klo 14.28","Kangasniemi","korkea","palvelusivu","999","Ikääntyneet","https://www.kangasniemi.fi/sosiaali-ja-terveyspalvelut/ikaantyneet/","https://www.kangasniemi.fi/","200","aiemmin varmennettu","aiemmin varmennettu"
"13.8.2026 klo 14.28","Kankaanpää","keskitaso","viitesivu","1050","Joulupostia ikäihmisille -kampanja kutsuu jälleen kankaanpääläiset lähettämään joulukortteja ikääntyneille - Kankaanpään kaupunki","https://www.kankaanpaa.fi/joulupostia-ikaihmisille-kampanja-kutsuu-jalleen-kankaanpaalaiset-lahettamaan-joulukortteja-ikaantyneille/","https://www.kankaanpaa.fi/","200","sivukartta","ikäihmisille; ikaihmisille; ikääntyneille; ikaantyneille; seniorit; vanhus"
"13.8.2026 klo 14.28","Kannonkoski","korkea","palvelusivu","405","Seniorit","https://kannonkoski.fi/seniorit","https://kannonkoski.fi/","200","manuaalinen varmennus","seniorit; senioreille; vanhus"
"13.8.2026 klo 14.28","Kannus","korkea","palvelusivu","999","Senioripalvelut","https://kannus.fi/hallinto-ja-paatoksenteko/asiointi/senioripalvelut/","https://kannus.fi/","200","aiemmin varmennettu","aiemmin varmennettu"
"13.8.2026 klo 14.28","Karijoki","keskitaso","viitesivu","210","Hakutulokset","https://karijoki.fi/?s=vanhus","https://karijoki.fi/","200","sisäinen haku","vanhus"
"13.8.2026 klo 14.28","Karkkila","keskitaso","viitesivu","570","740 korttia Karkkilan ikäihmisille joulukorttikampanjassa","https://karkkila.fi/joulupostia-ikaihmisille-kampanja-kerasi-740-joulukorttia-karkkil/","https://www.karkkila.fi/","200","sivukartta","ikäihmisille; ikaihmisille"
"13.8.2026 klo 14.28","Karstula","korkea","palvelusivu","420","Seniorit","https://karstula.fi/vapaa-aika-ja-matkailu/seniorit/","https://karstula.fi/","200","manuaalinen varmennus","ikaihmisille; seniorit; vanhus"
"13.8.2026 klo 14.28","Karvia","keskitaso","viitesivu","210","vanhus","https://karvia.fi/?s=vanhus","https://karvia.fi/","200","sisäinen haku","vanhus"
"13.8.2026 klo 14.28","Kaskinen","korkea","palvelusivu","370","Seniorit","https://kaskinen.fi/fi/seniorit","https://kaskinen.fi/","200","manuaalinen varmennus","seniorit"
"13.8.2026 klo 14.28","Kauhajoki","korkea","palvelusivu","999","Ikäihmiset","https://kauhajoki.fi/ikaihmiset/","https://kauhajoki.fi/","200","aiemmin varmennettu","aiemmin varmennettu"
"13.8.2026 klo 14.28","Kauhava","korkea","palvelusivu","600","Senioreille","https://kauhava.fi/senioreille/","https://www.kauhava.fi","200","manuaalinen varmennus","ikäihmisille; ikaihmisille; vanhus"
"13.8.2026 klo 14.28","Kauniainen","korkea","palvelusivu","685","Senioripalvelut ja Villa Breda","https://www.kauniainen.fi/hyvinvointi/lansi-uudenmaan-hyvinvointialue/villa-breda-ja-seniorit/","https://www.kauniainen.fi/","200","manuaalinen varmennus","senioripalvelut; seniorit; ikääntyneille"
"13.8.2026 klo 14.28","Kaustinen","keskitaso","viitesivu","210","Hakutulokset haulle: vanhus","https://kaustinen.fi/?s=vanhus","https://kaustinen.fi/","200","sisäinen haku","vanhus"
"13.8.2026 klo 14.28","Keitele","korkea","palvelusivu","999","Ikäihmiset","https://keitele.fi/ikaihmiset/","https://www.keitele.fi/","200","aiemmin varmennettu","aiemmin varmennettu"
"13.8.2026 klo 14.28","Kemi","korkea","palvelusivu","999","Ikäihmiset","https://www.kemi.fi/asuminen-ja-ymparisto/asuminen/ikaihmiset/","https://www.kemi.fi/","200","aiemmin varmennettu","aiemmin varmennettu"
"13.8.2026 klo 14.28","Kemijärvi","keskitaso","viitesivu","600","Erityisen liikkuva Kemijärvi -hankkeen kyselylomake ikäihmisille","https://kemijarvi.fi/2025/erityisen-liikkuva-kemijarvi-hankkeen-kyselylomake-ikaihmisille/","https://kemijarvi.fi/","200","sivukartta","ikäihmisille; ikaihmisille; vanhus"
"13.8.2026 klo 14.28","Keminmaa","keskitaso","viitesivu","285","Vanhusneuvosto","https://www.keminmaa.fi/kunta-ja-hallinto/paatoksenteko/vanhusneuvosto/","https://www.keminmaa.fi/","200","etusivu","vanhus; vanhustyö"
"13.8.2026 klo 14.28","Kemiönsaari","keskitaso","viitesivu","210","Search website","https://en.kimitoon.fi/?s=vanhus","https://en.kimitoon.fi/","200","sisäinen haku","vanhus"
"13.8.2026 klo 14.28","Kempele","keskitaso","palvelusivu","570","Digitukea ikäihmisille","https://kempele.fi/etusivu/digitukea-ikaihmisille/","https://www.kempele.fi/","200","sivukartta","ikäihmisille; ikaihmisille"
"13.8.2026 klo 14.28","Kerava","ei löytynyt","","0","","","https://www.kerava.fi","500","",""
"13.8.2026 klo 14.28","Keuruu","korkea","palvelusivu","690","Ikääntyneille","https://keuruu.fi/ikaantyneille/","https://www.keuruu.fi/","200","manuaalinen varmennus","ikäihmisille; ikaihmisille; ikäihmiset; seniorit"
"13.8.2026 klo 14.28","Kihniö","keskitaso","viitesivu","210","Vanhus- ja vammaisneuvosto","https://www.kihnio.fi/fi/asiointi-ja-paatoksenteko/paatoksenteko/vanhus-ja-vammaisneuvosto","https://www.kihnio.fi/","200","etusivu","vanhus"
"13.8.2026 klo 14.28","Kinnula","ei löytynyt","","0","","","https://www.kinnula.fi/","200","",""
"13.8.2026 klo 14.28","Kirkkonummi","korkea","palvelusivu","0","Seniorit","https://kirkkonummi.fi/tietoa-kirkkonummesta/tietoa-kunnasta/lapsiperheet-nuoret-ja-seniorit/seniorit/","https://www.kyrkslatt.fi/","200","manuaalinen varmennus",""
"13.8.2026 klo 14.28","Kitee","ei löytynyt","","0","","","https://www.kitee.fi/","200","",""
"13.8.2026 klo 14.28","Kittilä","korkea","palvelusivu","999","Ikäihmiset","https://kittila.fi/ikaihmiset","https://kittila.fi/","200","aiemmin varmennettu","aiemmin varmennettu"
"13.8.2026 klo 14.28","Kiuruvesi","keskitaso","viitesivu","210","Vanhusneuvosto","https://kiuruvesi.fi/vaikuttaminen/vanhusneuvosto/","https://www.kiuruvesi.fi/","200","etusivu","vanhus"
"13.8.2026 klo 14.28","Kivijärvi","keskitaso","viitesivu","210","Vanhusneuvosto","https://www.kivijarvi.fi/palvelut/vanhusneuvosto","https://www.kivijarvi.fi/","200","etusivu","vanhus"
"13.8.2026 klo 14.28","Kokemäki","keskitaso","viitesivu","335","Ikääntyvälle","https://kokemaki.fi/ikaantyville/","https://kokemaki.fi/","200","etusivu","ikääntyvä; vanhus"
"13.8.2026 klo 14.28","Kokkola","keskitaso","viitesivu","210","Hae sivustolta","https://www.kokkola.fi/?s=vanhus","https://www.kokkola.fi/","200","sisäinen haku","vanhus"
"13.8.2026 klo 14.28","Kolari","ei löytynyt","","0","","","https://www.kolari.fi/","200","",""
"13.8.2026 klo 14.28","Konnevesi","keskitaso","palvelusivu","405","Tietoa, neuvontaa ja ohjausta senioreille yhdestä numerosta Keski-​Suomessa 2.1.2026 alkaen - Konneveden kunta","https://konnevesi.fi/tietoa-neuvontaa-ja-ohjausta-senioreille-yhdesta-numerosta-keski-suomessa-2-1-2026-alkaen/","https://konnevesi.fi/","200","sivukartta","senioreille; seniorineuvonta; vanhus"
"13.8.2026 klo 14.28","Kontiolahti","keskitaso","palvelusivu","1035","Ehdotukset vanhustyön palkittavasta 6.9. mennessä","https://www.kontiolahti.fi/2026/08/05/ehdotukset-vanhustyon-palkittavasta-6-9-mennessa/","https://www.kontiolahti.fi/","200","etusivu","vanhustyö; vanhustyo; vanhus"
"13.8.2026 klo 14.28","Korsnäs","keskitaso","palvelusivu","720","Rådet för äldre och personer med funktionsnedsättning","https://www.korsnas.fi/kommunen/fortroendeorgan/aldre-och-handikappradet-i-korsnas/","https://www.korsnas.fi/","200","etusivu","för äldre; äldre; aldre"
"13.8.2026 klo 14.28","Koski tl","keskitaso","viitesivu","210","Vanhus- ja vammaisneuvosto","https://koski.fi/vanhus-ja-vammaisneuvosto/","https://koski.fi/","200","syvälinkki","vanhus"
"13.8.2026 klo 14.28","Kotka","korkea","palvelusivu","720","Ikääntyneet","https://www.kotka.fi/ikaantyneet/","https://www.kotka.fi/","200","manuaalinen varmennus","ikääntyneet; ikaantyneet; vanhus"
"13.8.2026 klo 14.28","Kouvola","korkea","palvelusivu","910","Ikääntyneet","https://www.kouvola.fi/ikaantyneet","https://www.kouvola.fi/","200","manuaalinen varmennus","vanhustyö; vanhustyo; vanhus; ikäihmisten palvelut; ikääntyneet"
"13.8.2026 klo 14.28","Kristiinankaupunki","keskitaso","viitesivu","450","Vård av äldre byggnader","https://www.kristinestad.fi/boende-och-miljo/byggnadstillsyn/vard-av-aldre-byggnader","https://www.kristinestad.fi/","200","etusivu","äldre; aldre; seniorer; för äldre"
"13.8.2026 klo 14.28","Kruunupyy","ei löytynyt","","0","","","https://www.kronoby.fi/","200","",""
"13.8.2026 klo 14.28","Kuhmo","keskitaso","viitesivu","285","Vanhus- ja vammaisneuvosto","https://www.kuhmo.fi/kaupunki-ja-paatoksenteko/paatoksenteko/muut-vaikuttamistoimielimet/vanhus-ja-vammaisneuvosto/?_rt=MXwxfHZhbmh1c3wxNzg2NjIwMjM5&_rt_nonce=ba47ddddfc","https://www.kuhmo.fi/","200","sisäinen haku","vanhus; vanhuspalvelu; eläkeläiset"
"13.8.2026 klo 14.28","Kuhmoinen","ei löytynyt","","0","","","https://www.kuhmoinen.fi/","200","",""
"13.8.2026 klo 14.28","Kumlinge","korkea","palvelusivu","1110","Äldreomsorg","https://www.kumlinge.ax/social-omsorg/aldreomsorg","https://www.kumlinge.ax/","200","manuaalinen varmennus","äldreomsorg; aldreomsorg; äldre; aldre; seniorer; för äldre"
"13.8.2026 klo 14.28","Kuopio","keskitaso","palvelusivu","570","Kulttuuriluotsiksi ikääntyneille","https://www.kuopio.fi/vapaa-aika-ja-hyvinvointi/meidan-kuopio/vapaaehtoistoiminta-kuopiossa/kulttuuriluotsiksi-ikaantyneille/","https://www.kuopio.fi/","200","sivukartta","ikääntyneille; ikaantyneille"
"13.8.2026 klo 14.28","Kuortane","keskitaso","palvelusivu","570","Kuusiokuntien sosiaali- ja terveyskuntayhtymä soittaa ikääntyneille asukkaille","https://kuortane.fi/kuusiokuntien-sosiaali-ja-terveyskuntayhtyma-soittaa-ikaantyneille-asukkaille/","https://kuortane.fi/","200","sivukartta","ikääntyneille; ikaantyneille"
"13.8.2026 klo 14.28","Kurikka","korkea","palvelusivu","625","Ikäihmiset","https://kurikka.fi/target_group/ikaihmiset/","https://kurikka.fi/","200","manuaalinen varmennus","ikäihmiset; ikaihmiset; vanhus"
"13.8.2026 klo 14.28","Kustavi","keskitaso","viitesivu","210","Vanhus- ja vammaisneuvosto","https://kustavi.fi/kunta-ja-hallinto/osallistu-ja-vaikuta/vanhusneuvosto/","https://kustavi.fi/","200","etusivu","vanhus"
"13.8.2026 klo 14.28","Kuusamo","ei löytynyt","","0","","","https://www.kuusamo.fi/","500","",""
"13.8.2026 klo 14.28","Kyyjärvi","korkea","palvelusivu","999","Ikäihmiset","https://www.kyyjarvi.fi/ikaihmiset","https://www.kyyjarvi.fi/","200","aiemmin varmennettu","aiemmin varmennettu"
"13.8.2026 klo 14.28","Kärkölä","korkea","palvelusivu","999","Senioripalvelut","https://karkola.fi/palvelut/hyvinvoinnin-edistaminen/senioripalvelut/","https://www.karkola.fi","200","aiemmin varmennettu","aiemmin varmennettu"
"13.8.2026 klo 14.28","Kärsämäki","keskitaso","palvelusivu","600","Pohteen Aino-neuvonta ikäihmisille","https://karsamaki.fi/julkaisut/pohteen-aino-neuvonta-ikaihmisille/","https://karsamaki.fi/","200","sivukartta","ikäihmisille; ikaihmisille"
"13.8.2026 klo 14.28","Kökar","keskitaso","viitesivu","310","Kommunal service","https://www.kokar.ax/kommunens-service","https://www.kokar.ax/","200","syvälinkki","äldreomsorg; äldre"
"13.8.2026 klo 14.28","Lahti","keskitaso","palvelusivu","600","Nostoja laajasta hyvinvointikertomuksesta -työllisyys, aikuisväestö ja ikääntyneet","https://www.lahti.fi/tiedostot/nostoja-laajasta-hyvinvointikertomuksesta-tyollisyys-aikuisvaesto-ja-ikaantyneet/","https://www.lahti.fi/","200","sivukartta","ikääntyneet; ikaantyneet"
"13.8.2026 klo 14.28","Laihia","korkea","palvelusivu","990","Vanhuspalvelut","https://laihia.fi/palveluhakemisto/vanhuspalvelut-5/","https://laihia.fi/","200","manuaalinen varmennus","vanhuspalvelut; vanhuspalvelu; vanhus"
"13.8.2026 klo 14.28","Laitila","keskitaso","viitesivu","210","Haku","https://www.laitila.fi/?s=vanhus","https://www.laitila.fi/","200","sisäinen haku","vanhus"
"13.8.2026 klo 14.28","Lapinjärvi","ei löytynyt","","0","","","https://lapinjarvi.fi/","200","",""
"13.8.2026 klo 14.28","Lapinlahti","ei löytynyt","","0","","","https://lapinlahti.fi/","200","",""
"13.8.2026 klo 14.28","Lappajärvi","keskitaso","viitesivu","570","Joulupostia ikäihmisille kampanja käynnissä 6.12. saakka","https://lappajarvi.fi/joulupostia-ikaihmisille-kampanja-kaynnissa-6-12-saakka/","https://lappajarvi.fi/","200","sivukartta","ikäihmisille; ikaihmisille"
"13.8.2026 klo 14.28","Lappeenranta","keskitaso","viitesivu","290","Suosikit","https://lappeenranta.fi/fi/osallistu-ja-vaikuta/yhdenvertaisuus-ja-tasa-arvosuunnitelma/liite-1-tasa-arvo-ja-yhdenvertaisuus-lainsaadannossa-ja-yhteiskunnassa/lapset-nuoret-ja-vanhukset","https://lappeenranta.fi/","200","etusivu","vanhukset"
"13.8.2026 klo 14.28","Lapua","korkea","palvelusivu","435","Ikäihmiset","https://lapua.fi/etusivu/vahvuutena-v%C3%A4litt%C3%A4minen/v%C3%A4litt%C3%A4misen-ty%C3%B6kalupakki/ik%C3%A4ihmiset/","https://lapua.fi/","200","manuaalinen varmennus","ikäihmiset; vanhustyö; ikäihmisille; ikääntyneille; vanhus"
"13.8.2026 klo 14.28","Laukaa","korkea","palvelusivu","720","Ikäihmiset","https://www.laukaa.fi/asukkaat/palvelut-kohderyhmittain/ikaihmiset/","https://www.laukaa.fi/","200","manuaalinen varmennus","ikäihmiset; ikaihmiset; vanhus"
"13.8.2026 klo 14.28","Lemi","korkea","palvelusivu","895","Vanhuspalvelut","https://lemi.fi/palvelut/sosiaali-ja-terveyspalvelut/vanhuspalvelus/","https://lemi.fi/","200","manuaalinen varmennus","vanhuspalvelut; vanhuspalvelu; vanhus; vanhusten palvelut"
"13.8.2026 klo 14.28","Lemland","korkea","palvelusivu","999","Äldreomsorg","https://www.lemland.ax/aldreomsorg","https://www.lemland.ax/","200","aiemmin varmennettu","aiemmin varmennettu"
"13.8.2026 klo 14.28","Lempäälä","korkea","palvelusivu","999","Ikäihmiset","https://www.lempaala.fi/kohderyhmat/ikaihmiset/","https://www.lempaala.fi/","200","aiemmin varmennettu","aiemmin varmennettu"
"13.8.2026 klo 14.28","Leppävirta","korkea","palvelusivu","999","Ikäihmiset","https://leppavirta.fi/sosiaali-ja-terveyspalvelut/ikaihmiset/","https://leppavirta.fi/","200","aiemmin varmennettu","aiemmin varmennettu"
"13.8.2026 klo 14.28","Lestijärvi","keskitaso","viitesivu","210","Hakutulokset haulle: vanhus","https://lestijarvi.fi/?s=vanhus","https://lestijarvi.fi/","200","sisäinen haku","vanhus"
"13.8.2026 klo 14.28","Lieksa","keskitaso","viitesivu","1050","Joulupostia ikäihmisille ‑kampanja kutsuu Lieksan asukkaat lähettämään joulukortteja ikääntyneille","https://www.lieksa.fi/joulupostia-ikaihmisille-kampanja-kutsuu-lieksan-asukkaat-lahettamaan-joulukortteja-ikaantyneille/","https://www.lieksa.fi/","200","sivukartta","ikäihmisille; ikaihmisille; ikääntyneille; ikaantyneille"
"13.8.2026 klo 14.28","Lieto","korkea","palvelusivu","999","Ikäihmisten palvelut","https://www.lieto.fi/palvelut-ja-asiointi/ikaihmisten-palvelut/","https://lieto.fi/","200","aiemmin varmennettu","aiemmin varmennettu"
"13.8.2026 klo 14.28","Liminka","keskitaso","palvelusivu","600","Puistojumppaa ikäihmisille","https://www.liminka.fi/puistojumppaa-ikaihmisille/","https://www.liminka.fi/","200","sivukartta","ikäihmisille; ikaihmisille; vanhus"
"13.8.2026 klo 14.28","Liperi","korkea","palvelusivu","999","Ikäihmiset","https://www.liperi.fi/vapaa-aika/ikaihmiset/","https://www.liperi.fi/","200","aiemmin varmennettu","aiemmin varmennettu"
"13.8.2026 klo 14.28","Lohja","keskitaso","palvelusivu","850","Informationsmöte för äldre bilister","https://www.lohja.fi/sv/yleinen-sv/informationsmote-for-aldre-bilister/","https://www.lohja.fi/","200","sivukartta","för äldre; for aldre; äldre; aldre"
"13.8.2026 klo 14.28","Loimaa","keskitaso","viitesivu","285","Hakutulokset: vanhus","https://www.loimaa.fi/?s=vanhus","https://www.loimaa.fi/","200","sisäinen haku","vanhus; senioreille"
"13.8.2026 klo 14.28","Loppi","ei löytynyt","","0","","","https://www.loppi.fi/","500","",""
"13.8.2026 klo 14.28","Loviisa","keskitaso","viitesivu","850","Har du redan bekantat dig med serviceguiden för äldre?","https://www.loviisa.fi/sv/meddelanden/har-du-redan-bekantat-dig-med-serviceguiden-for-aldre/","https://www.loviisa.fi/","200","sivukartta","för äldre; for aldre; äldre; aldre"
"13.8.2026 klo 14.28","Luhanka","korkea","palvelusivu","999","Ikäihmiset – Luhanka","https://www.luhanka.fi/ikaihmiset/","https://www.luhanka.fi/","200","aiemmin varmennettu","aiemmin varmennettu"
"13.8.2026 klo 14.28","Lumijoki","keskitaso","viitesivu","495","VANHUSNEUVOSTO","https://www.lumijoki.fi/sosiaali-ja-terveyspalvelut/ikaihmiset/vanhusneuvosto/","https://www.lumijoki.fi/","200","sivukartta","ikaihmiset; vanhus"
"13.8.2026 klo 14.28","Lumparland","korkea","palvelusivu","999","Äldreomsorg","https://www.lumparland.ax/omsorg/aldreomsorg","https://www.lumparland.ax/","200","aiemmin varmennettu","aiemmin varmennettu"
"13.8.2026 klo 14.28","Luoto","korkea","palvelusivu","999","Aktiiviset seniorit","https://larsmo.fi/fi/perusturva/senioripalvelut/aktiiviset-seniorit/","https://larsmo.fi/","200","aiemmin varmennettu","aiemmin varmennettu"
"13.8.2026 klo 14.28","Luumäki","keskitaso","viitesivu","285","Vanhus- ja vammaisneuvosto","https://www.luumaki.fi/fi/kuntainfo/hallinto-ja-paatoksenteko/vanhus-ja-vammaisneuvosto","https://www.luumaki.fi/","200","etusivu","vanhus; vanhuspalvelu; seniorit"
"13.8.2026 klo 14.28","Maalahti","korkea","palvelusivu","405","Aktiva seniorer","https://www.malax.fi/fritid-och-kultur/aktiva-seniorer/","https://www.malax.fi/","200","manuaalinen varmennus","seniorer; pensionär"
"13.8.2026 klo 14.28","Maarianhamina","korkea","palvelusivu","720","Äldre och omsorg","https://www.mariehamn.ax/aldre-och-omsorg","https://www.mariehamn.ax/fi","200","manuaalinen varmennus","för äldre; äldre; aldre; äldreomsorg"
"13.8.2026 klo 14.28","Marttila","ei löytynyt","","0","","","https://marttila.fi/","TypeError","",""
"13.8.2026 klo 14.28","Masku","keskitaso","palvelusivu","570","Vapaita vuokra-asuntoja ikäihmisille","https://masku.fi/vapaita-vuokra-asuntoja-ikaihmisille","https://www.masku.fi/","200","sivukartta","ikäihmisille; ikaihmisille"
"13.8.2026 klo 14.28","Merijärvi","keskitaso","viitesivu","210","Vanhus- ja vammaisneuvoston pöytäkirja 14.10.2025","https://www.merijarvi.fi/asiakirjat/vanhus-ja-vammaisneuvosto-poytakirjat/vanhus-ja-vammaisneuvoston-poytakirja-14102025","https://www.merijarvi.fi/","200","sisäinen haku","vanhus"
"13.8.2026 klo 14.28","Merikarvia","korkea","palvelusivu","999","Ikäihmisten palvelut","https://merikarvia.fi/sosiaali-ja-terveys/ikaihmisten-palvelut/","https://merikarvia.fi/","200","aiemmin varmennettu","aiemmin varmennettu"
"13.8.2026 klo 14.28","Miehikkälä","keskitaso","viitesivu","285","Vanhusneuvosto - Miehikkälän kunta","https://www.miehikkala.fi/hallinto/valtuustot-ja-neuvostot/vanhusneuvostot/","https://www.miehikkala.fi/","200","etusivu","vanhus; ikääntyneiden palvelut"
"13.8.2026 klo 14.28","Mikkeli","keskitaso","viitesivu","285","Vanhusneuvoston toimintasääntö","https://mikkeli.fi/paatoksenteko/johto-ja-ohjesaannot/vanhusneuvoston-toimintasaanto/","https://mikkeli.fi/","200","sisäinen haku","vanhus; vanhustyö"
"13.8.2026 klo 14.28","Muhos","korkea","palvelusivu","999","Ikäihmisten palvelut - Muhoksen kunta","https://muhos.fi/sosiaali-ja-terveys/ikaihmisten-palvelut/","https://muhos.fi/","200","aiemmin varmennettu","aiemmin varmennettu"
"13.8.2026 klo 14.28","Multia","ei löytynyt","","0","","","https://multia.fi/","200","",""
"13.8.2026 klo 14.28","Muonio","keskitaso","palvelusivu","405","Käsivarren seniorit","https://www.muonio.fi/vapaa-aika/kylapirtti/kylapirtin-varauskalenteri/kasivarren-seniorit-6.html","https://www.muonio.fi/","200","sivukartta","seniorit; vanhus"
"13.8.2026 klo 14.28","Mustasaari","keskitaso","viitesivu","415","Pensionär(hem)sföreningar","https://korsholm.fi/valfard/fritidsverksamhet/foreningsverksamhet/pensionarsforeningar","https://korsholm.fi/","200","etusivu","pensionär; pensionar"
"13.8.2026 klo 14.28","Muurame","korkea","palvelusivu","999","Ikäihmiset","https://www.muurame.fi/palvelut/ikaihmiset/","https://www.muurame.fi/","200","aiemmin varmennettu","aiemmin varmennettu"
"13.8.2026 klo 14.28","Mynämäki","korkea","palvelusivu","999","Ikäihmisten vapaa-aikatoiminta","https://www.mynamaki.fi/vapaa-aika-ja-kulttuuri/ikaihmiset/","https://www.mynamaki.fi/","200","aiemmin varmennettu","aiemmin varmennettu"
"13.8.2026 klo 14.28","Myrskylä","korkea","palvelusivu","999","Ikääntyneiden palvelut","https://myrskyla.fi/palvelut/hyvinvointipalvelut/ikaantyneiden-palvelut/","https://myrskyla.fi/","200","aiemmin varmennettu","aiemmin varmennettu"
"13.8.2026 klo 14.28","Mäntsälä","korkea","palvelusivu","999","Seniorityö","https://www.mantsala.fi/hyvinvointi-ja-terveys/seniorityo/","https://www.mantsala.fi/","200","aiemmin varmennettu","aiemmin varmennettu"
"13.8.2026 klo 14.28","Mänttä-vilppula","keskitaso","palvelusivu","600","Hyvinvointityöpaja ikäihmisille | Mänttä-Vilppula","https://manttavilppula.fi/ajankohtaiset/hyvinvointityopaja-ikaihmisille/","https://www.manttavilppula.fi/","200","sivukartta","ikäihmisille; ikaihmisille; ikäihmiset"
"13.8.2026 klo 14.28","Mäntyharju","keskitaso","viitesivu","505","Ilmoittaudu Hyvän Arjen Avaimet -keskusteluryhmään (Ikäihmiset)","https://www.mantyharju.fi/ilmoittaudu-hyvan-arjen-avaimet-keskusteluryhmaan-ikaihmiset/","https://www.mantyharju.fi/","200","sivukartta","ikäihmiset; ikaihmiset"
"13.8.2026 klo 14.28","Naantali","korkea","palvelusivu","999","Ikäihmiset","https://www.naantali.fi/fi/ikaihmiset","https://www.naantali.fi/","200","aiemmin varmennettu","aiemmin varmennettu"
"13.8.2026 klo 14.28","Nakkila","keskitaso","palvelusivu","405","Seniorit","https://nakkila.fi/kohdeyleiso/seniorit/","https://nakkila.fi/","200","sivukartta","seniorit; vanhus"
"13.8.2026 klo 14.28","Nivala","keskitaso","viitesivu","210","Vanhus- ja vammaisneuvosto","https://www.nivala.fi/kaupunki-ja-hallinto/paatoksenteko/lautakunnat/vanhus-ja-vammaisneuvosto","https://www.nivala.fi/","200","sisäinen haku","vanhus"
"13.8.2026 klo 14.28","Nokia","keskitaso","palvelusivu","405","Nokian seniorit ry","https://www.nokiankaupunki.fi/yhdistykset/nokian-seniorit-ry/","https://www.nokiankaupunki.fi/","200","sivukartta","seniorit; senioreille; eläkeläiset"
"13.8.2026 klo 14.28","Nousiainen","keskitaso","viitesivu","1050","Joulupostia ikäihmisille -kampanja kutsuu Nousiaisten kunnan asukkaat lähettämään joulukortteja ikääntyneille 3.11.-4.12.","https://nousiainen.fi/tiedote/joulupostia-ikaihmisille-kampanja-kutsuu-nousiaisten-kunnan-asukkaat-lahettamaan-joulukortteja-ikaantyneille-3-11-4-12/","https://nousiainen.fi/","200","sivukartta","ikäihmisille; ikaihmisille; ikääntyneille; ikaantyneille"
"13.8.2026 klo 14.28","Nurmes","keskitaso","viitesivu","210","Tulokset haulle: ”vanhus”","https://www.nurmes.fi/?s=vanhus","https://www.nurmes.fi/","200","sisäinen haku","vanhus"
"13.8.2026 klo 14.28","Nurmijärvi","korkea","palvelusivu","999","Ikäihmiset","https://www.nurmijarvi.fi/ikaihmiset/","https://www.nurmijarvi.fi/","200","aiemmin varmennettu","aiemmin varmennettu"
"13.8.2026 klo 14.28","Närpiö","keskitaso","palvelusivu","405","Aktivitetsdag för seniorer torsdag 19.9 kl 10-13","https://www.narpes.fi/aktivitetsdag-for-seniorer-torsdag-19-9-kl-10-13/","https://www.narpes.fi/","200","sivukartta","seniorer; för äldre; äldre; pensionärer; pensionär"
"13.8.2026 klo 14.28","Orimattila","korkea","palvelusivu","999","Senioripalvelut","https://orimattila.fi/vapaa-aika-ja-hyvinvointi/senioripalvelut/","https://orimattila.fi/","200","aiemmin varmennettu","aiemmin varmennettu"
"13.8.2026 klo 14.28","Oripää","korkea","palvelusivu","1020","Varhan vanhustenhuollon palvelut","https://oripaa.fi/asukkaalle/hyvinvointi/varsinais-suomen-hyvinvointialue/vanhuspalvelut/","https://oripaa.fi/","200","manuaalinen varmennus","vanhuspalvelut; vanhuspalvelu; vanhus; ikääntyneille"
"13.8.2026 klo 14.28","Orivesi","keskitaso","palvelusivu","345","Orivesi lähestyy retkeilyä innovatiivisesti – Eräpyhän minipyhiinvaellus ja virtuaalinen melonta Kopsamo–Purnulla tuovat luontoelämyksiä myös liikuntarajoitteis","https://orivesi.fi/2023/05/26/orivesi-lahestyy-retkeilya-innovatiivisesti-erapyhan-minipyhiinvaellus-ja-virtuaalinen-melonta-kopsamo-purnulla-tuovat-luontoelamyksia-myos-liikuntarajoitteisille-ja-ikaihmisille/","https://orivesi.fi/","200","sisäinen haku","ikaihmisille; ikäihmiset; ikäihmisille"
"13.8.2026 klo 14.28","Oulainen","keskitaso","viitesivu","210","Vammais- ja vanhusneuvostot","https://www.oulainen.fi/vammais-ja-vanhusneuvostot","https://www.oulainen.fi/","200","etusivu","vanhus"
"13.8.2026 klo 14.28","Oulu","korkea","palvelusivu","720","Ikääntyneet","https://www.ouka.fi/ikaantyneet","https://www.ouka.fi/","200","manuaalinen varmennus","ikääntyneet; ikaantyneet; vanhustyö; ikäihmisille; ikääntyneille; vanhus"
"13.8.2026 klo 14.28","Outokumpu","korkea","palvelusivu","999","Ikäihmisten palvelut","https://www.outokummunkaupunki.fi/hyvinvointi-ja-terveys/ikaihmisten-palvelut/","https://www.outokummunkaupunki.fi/","200","aiemmin varmennettu","aiemmin varmennettu"
"13.8.2026 klo 14.28","Padasjoki","korkea","palvelusivu","999","Ikääntyneet","https://www.padasjoki.fi/hyvinvointi-ja-kulttuuri/ikaantyneet","https://www.padasjoki.fi/","200","aiemmin varmennettu","aiemmin varmennettu"
"13.8.2026 klo 14.28","Paimio","ei löytynyt","","0","","","https://www.paimio.fi/","500","",""
"13.8.2026 klo 14.28","Paltamo","keskitaso","viitesivu","210","Elinvoimaa elintavoilla -hanke","https://www.paltamo.fi/hyvinvointi-ja-terveys/elinvoimaa-elintavoilla-hanke.html","https://www.paltamo.fi/","200","syvälinkki","ikäihmisille"
"13.8.2026 klo 14.28","Parainen","korkea","palvelusivu","405","Seniorit","https://www.pargas.fi/fi/seniorit","https://www.pargas.fi/","200","manuaalinen varmennus","seniorer; seniorit"
"13.8.2026 klo 14.28","Parikkala","korkea","palvelusivu","695","Ikääntyneet","https://parikkala.fi/ikaantyneet/","https://parikkala.fi/","200","manuaalinen varmennus","ikääntyneet; ikaantyneet"
"13.8.2026 klo 14.28","Parkano","keskitaso","viitesivu","210","Haku","https://parkano.fi/?s=vanhus","https://www.parkano.fi/","200","sisäinen haku","vanhus"
"13.8.2026 klo 14.28","Pedersören","korkea","palvelusivu","405","Seniorer","https://www.pedersore.fi/sv/valfard/seniorer/","https://www.pedersore.fi/","200","manuaalinen varmennus","seniorer; för äldre; äldre; pensionär"
"13.8.2026 klo 14.28","Pelkosenniemi","keskitaso","viitesivu","285","Vanhustenviikko Pelkosenniemellä","https://pelkosenniemi.fi/vanhustenviikko-pelkosenniemella/","https://pelkosenniemi.fi/","200","sisäinen haku","vanhus; vanhustyö"
"13.8.2026 klo 14.28","Pello","ei löytynyt","","0","","","https://www.pello.fi/","200","",""
"13.8.2026 klo 14.28","Perho","keskitaso","viitesivu","210","Hakutulokset haulle: vanhus","https://perho.com/?s=vanhus","https://perho.com/","200","sisäinen haku","vanhus"
"13.8.2026 klo 14.28","Petäjävesi","korkea","palvelusivu","495","Senioreille","https://www.petajavesi.fi/vapaa-aika-ja-hyvinvointi/senioreille/","https://www.petajavesi.fi/","200","manuaalinen varmennus","senioreille; ikääntyneiden palvelut; vanhustyö; seniorineuvonta; seniorit; vanhus"
"13.8.2026 klo 14.28","Pieksämäki","korkea","palvelusivu","555","Ikäihmisten palvelut","https://www.pieksamaki.fi/terveys-ja-hyvinvointi/ikaneuvola/","https://www.pieksamaki.fi/","200","manuaalinen varmennus","ikäihmisten palvelut; ikääntyneille"
"13.8.2026 klo 14.28","Pielavesi","keskitaso","viitesivu","210","Haku","https://pielavesi.fi/?s=vanhus","https://pielavesi.fi/","200","sisäinen haku","vanhus"
"13.8.2026 klo 14.28","Pietarsaari","korkea","palvelusivu","405","Välfärdstjänster för seniorer","https://jakobstad.fi/invanare/framjande-av-valfard-och-halsa/valfarstjanster-for-seniorer","https://jakobstad.fi/","200","manuaalinen varmennus","seniorer; äldre; pensionär"
"13.8.2026 klo 14.28","Pihtipudas","keskitaso","palvelusivu","405","Tietoa, neuvontaa ja ohjausta senioreille yhdestä numerosta Keski-​Suomessa 2.1.2026 alkaen","https://pihtipudas.fi/tietoa-neuvontaa-ja-ohjausta-senioreille-yhdesta-numerosta-keski-suomessa-2-1-2026-alkaen/","https://pihtipudas.fi/","200","sivukartta","senioreille; seniorineuvonta"
"13.8.2026 klo 14.28","Pirkkala","keskitaso","palvelusivu","625","Hyvinvointia elintavoilla ikääntyneet","https://www.pirkkala.fi/kehita-pirkkalaa/hyvinvoinnin-edistaminen/hyvinvointia-elintavoilla-ikaantyneet/","https://www.pirkkala.fi/","200","sivukartta","ikääntyneet; ikaantyneet; ikäihmisille"
"13.8.2026 klo 14.28","Polvijärvi","keskitaso","viitesivu","210","Vanhus- ja vammaisneuvosto","https://www.polvijarvi.fi/vanhus-ja-vammaisneuvosto","https://www.polvijarvi.fi/","200","syvälinkki","vanhus"
"13.8.2026 klo 14.28","Pomarkku","keskitaso","viitesivu","600","Joulupostia ikäihmisille","https://www.pomarkku.fi/joulupostia-ikaihmisille/","https://www.pomarkku.fi/","200","sivukartta","ikäihmisille; ikaihmisille; ikääntyneille"
"13.8.2026 klo 14.28","Pori","keskitaso","viitesivu","600","Ikäihmisille turvallinen ja esteetön asuminen -hanke","https://www.pori.fi/kaupunki-ja-hallinto/hankkeet-ja-verkostot/hankkeet/ikaihmisille-turvallinen-ja-esteeton-asuminen-hanke/","https://www.pori.fi/","200","sivukartta","ikäihmisille; ikaihmisille; ikäystävällinen"
"13.8.2026 klo 14.28","Pornainen","korkea","palvelusivu","999","Ikäihmisten palvelut - Pornainen","https://pornainen.fi/kuntalaiset/terveys-ja-hyvinvointi/ikaihmisten-palvelut/","https://pornainen.fi","200","aiemmin varmennettu","aiemmin varmennettu"
"13.8.2026 klo 14.28","Porvoo","korkea","palvelusivu","570","Seniorernas välmående","https://www.porvoo.fi/sv/valmaende-och-sakerhet/seniorernas-valmaende/","https://www.porvoo.fi/","200","manuaalinen varmennus","ikäihmisille; ikaihmisille"
"13.8.2026 klo 14.28","Posio","korkea","palvelusivu","999","Ikäihmiset","https://www.posio.fi/ikaihmiset/","https://www.posio.fi/","200","aiemmin varmennettu","aiemmin varmennettu"
"13.8.2026 klo 14.28","Pudasjärvi","korkea","palvelusivu","645","Pudasjärven seniorisivut","https://www.pudasjarvi.fi/asuminen-ja-ymparisto/seniorit/","https://www.pudasjarvi.fi/","200","manuaalinen varmennus","seniorit; seniorisivut; ikäihmisille; vanhus"
"13.8.2026 klo 14.28","Pukkila","korkea","palvelusivu","999","65+ toiminta","https://www.pukkila.fi/hyvinvointi-ja-kulttuuri/senioripalvelut/65-toiminta/","https://www.pukkila.fi/","200","aiemmin varmennettu","aiemmin varmennettu"
"13.8.2026 klo 14.28","Punkalaidun","matala","viitesivu","75","Evästeasetukset","https://www.punkalaidun.fi/yhteystiedot/index.tmpl?sivu_id=10466","https://www.punkalaidun.fi/","200","etusivu",""
"13.8.2026 klo 14.28","Puolanka","keskitaso","palvelusivu","370","Vesijumppa senioreille alkaa 3.9 Mäntykodissa.","https://puolanka.fi/vesijumppa-senioreille-alkaa-3-9-mantykodissa/","https://puolanka.fi/","200","sivukartta","senioreille"
"13.8.2026 klo 14.28","Puumala","keskitaso","viitesivu","285","Hakutulokset haulle: vanhus","https://puumala.fi/?s=vanhus","https://puumala.fi/","200","sisäinen haku","vanhus; seniorit"
"13.8.2026 klo 14.28","Pyhtää","korkea","palvelusivu","999","Ikääntyneet","https://pyhtaa.fi/fi/neuvontapalvelut/ikaantyneet","https://pyhtaa.fi/","200","aiemmin varmennettu","aiemmin varmennettu"
"13.8.2026 klo 14.28","Pyhäjoki","korkea","palvelusivu","999","Ikäihmiset","https://www.pyhajoki.fi/ikaihmiset","https://www.pyhajoki.fi/","200","aiemmin varmennettu","aiemmin varmennettu"
"13.8.2026 klo 14.28","Pyhäjärvi","keskitaso","viitesivu","285","Vanhusneuvosto","https://www.pyhajarvi.fi/fi/vanhusneuvosto","https://www.pyhajarvi.fi/","200","etusivu","vanhus; ikäihmisten palvelut; vanhustyö; seniorit; eläkeläiset"
"13.8.2026 klo 14.28","Pyhäntä","ei löytynyt","","0","","","https://www.pyhanta.fi/","200","",""
"13.8.2026 klo 14.28","Pyhäranta","korkea","palvelusivu","999","Ikäihmisten palvelut","https://www.pyharanta.fi/sosiaali-ja-terveyspalvelut/ikaihmisten-palvelut/","https://www.pyharanta.fi/","200","aiemmin varmennettu","aiemmin varmennettu"
"13.8.2026 klo 14.28","Pälkäne","keskitaso","viitesivu","210","Hakutulokset","https://www.palkane.fi/?s=vanhus","https://www.palkane.fi/","200","sisäinen haku","vanhus"
"13.8.2026 klo 14.28","Pöytyä","korkea","palvelusivu","1035","Vanhustyö","https://www.poytya.fi/voi-hyvin/vanhustyo/","https://www.poytya.fi/","200","manuaalinen varmennus","vanhustyö; vanhustyo; vanhus"
"13.8.2026 klo 14.28","Raahe","korkea","palvelusivu","999","Ikäihmiset","https://www.raahe.fi/ikaihmiset","https://www.raahe.fi/","200","aiemmin varmennettu","aiemmin varmennettu"
"13.8.2026 klo 14.28","Raasepori","keskitaso","palvelusivu","370","Seniorer","https://www.raseborg.fi/seniorer/","https://www.raseborg.fi/","200","etusivu","seniorer"
"13.8.2026 klo 14.28","Raisio","keskitaso","palvelusivu","600","Ikäihmiset","https://raisio.fi/fi/kulttuuri-ja-vapaa-aika/kirjasto/kirjaston-palvelut/ikaihmiset","https://raisio.fi/","200","sivukartta","ikäihmiset; ikaihmiset"
"13.8.2026 klo 14.28","Rantasalmi","korkea","palvelusivu","999","Ikäihmiset","https://rantasalmi.fi/asuminen-ja-ymparisto/asuminen/ikaihmiset/","https://www.rantasalmi.fi/","200","aiemmin varmennettu","aiemmin varmennettu"
"13.8.2026 klo 14.28","Ranua","korkea","palvelusivu","460","Senioreille","https://ranua.fi/senioreille/","https://www.ranua.fi/","200","manuaalinen varmennus","senioreille"
"13.8.2026 klo 14.28","Rauma","ei löytynyt","","0","","","https://www.rauma.fi/","200","",""
"13.8.2026 klo 14.28","Rautalampi","keskitaso","viitesivu","285","Vanhus- ja vammaisneuvosto","https://www.rautalampi.fi/paatoksenteko/toimikunnat/vanhus-ja-vammaisneuvosto/","https://www.rautalampi.fi/","200","etusivu","vanhus; ikääntyneille; eläkeläiset"
"13.8.2026 klo 14.28","Rautavaara","keskitaso","viitesivu","245","Kaikukortti täyttää 10 vuotta! Kortti on käytössä myös Rautavaaralla","https://www.rautavaara.fi/kaikukortti-tayttaa-10-vuotta-kortti-on-kaytossa-myos-rautavaaralla/","https://www.rautavaara.fi/","200","sisäinen haku","ikäihmiset; vanhus"
"13.8.2026 klo 14.28","Rautjärvi","ei löytynyt","","0","","","https://www.rautjarvi.fi/","200","",""
"13.8.2026 klo 14.28","Reisjärvi","keskitaso","viitesivu","265","Vanhus- ja vammaisneuvosto","https://www.reisjarvi.fi/vanhus-ja-vammaisneuvosto","https://www.reisjarvi.fi/","200","etusivu","vanhus; eläkeläiset"
"13.8.2026 klo 14.28","Riihimäki","korkea","palvelusivu","0","Avoin senioritoiminta","https://www.riihimaki.fi/ela-ja-voi-hyvin/hyvinvointi/aktiivisuutta-arkeen/avoin-senioritoiminta/","https://www.riihimaki.fi/","200","manuaalinen varmennus",""
"13.8.2026 klo 14.28","Ristijärvi","korkea","palvelusivu","999","Vanhuspalvelut","https://www.ristijarvi.fi/perhe-ja-hyvinvointi/vanhuspalvelut.html","https://www.ristijarvi.fi/","200","aiemmin varmennettu","aiemmin varmennettu"
"13.8.2026 klo 14.28","Rovaniemi","korkea","palvelusivu","245","Ikäihmiselle","https://www.rovaniemi.fi/Palvelut-sinulle/Ikaihmiselle","https://www.rovaniemi.fi/","200","manuaalinen varmennus","ikäihmiset; ikäihmisille; seniorit; vanhus"
"13.8.2026 klo 14.28","Ruokolahti","ei löytynyt","","0","","","https://ruokolahti.fi/","200","",""
"13.8.2026 klo 14.28","Ruovesi","keskitaso","viitesivu","285","Vanhus- ja vammaisneuvosto","https://www.ruovesi.fi/kunta-info-ja-hallinto/paatoksenteko/vanhusneuvosto","https://www.ruovesi.fi/","200","etusivu","vanhus; ikäihmisten palvelut"
"13.8.2026 klo 14.28","Rusko","keskitaso","viitesivu","285","Verkkosivun näkymän koon muuttaminen","https://rusko.fi/kunta-ja-paatoksenteko/yhteystiedot/vanhus-ja-vammaisneuvosto/","https://rusko.fi/","200","etusivu","vanhus; vanhustyö"
"13.8.2026 klo 14.28","Rääkkylä","keskitaso","viitesivu","210","Vanhusneuvosto","https://www.raakkyla.fi/hyvinvointi-ja-terveys/osallisuus/vanhusneuvosto/","https://www.raakkyla.fi/","200","etusivu","vanhus"
"13.8.2026 klo 14.28","Saarijärvi","korkea","palvelusivu","600","Ikäihmiset","https://saarijarvi.fi/sosiaali-ja-terveyspalvelut/ikaihmiset/","https://saarijarvi.fi/","200","manuaalinen varmennus","ikäihmiset; ikaihmiset"
"13.8.2026 klo 14.28","Salla","korkea","palvelusivu","999","Ikäihmiset","https://www.salla.fi/sisalto-kohderyhmittain/ikaihmiset/","https://www.salla.fi/","200","aiemmin varmennettu","aiemmin varmennettu"
"13.8.2026 klo 14.28","Salo","korkea","palvelusivu","999","Ikääntyneiden palvelut","https://salo.fi/hyvinvointi-ja-osallisuus/ikaantyneiden-palvelut/","https://salo.fi/","200","aiemmin varmennettu","aiemmin varmennettu"
"13.8.2026 klo 14.28","Saltvik","korkea","palvelusivu","999","Äldreomsorg","https://www.saltvik.ax/aldreomsorg","https://www.saltvik.ax/","200","aiemmin varmennettu","aiemmin varmennettu"
"13.8.2026 klo 14.28","Sastamala","korkea","palvelusivu","600","Toimintakykyä ja osallisuutta ikääntyneille","https://sastamala.fi/arki-ja-vapaa-aika/hyvinvointi-ja-terveys/ikaantyneiden-hyvinvoinnin-ja-terveyden-edistaminen/toimintakykya-ja-osallisuutta-ikaantyneille/","https://sastamala.fi/","200","manuaalinen varmennus","ikääntyneille; ikaantyneille; vanhustyö; ikääntyneet; vanhus"
"13.8.2026 klo 14.28","Sauvo","keskitaso","viitesivu","285","Etusivu","https://www.sauvo.fi/","https://www.sauvo.fi/","200","etusivu","ikäihmisten palvelut"
"13.8.2026 klo 14.28","Savitaipale","ei löytynyt","","0","","","https://www.savitaipale.fi/","200","",""
"13.8.2026 klo 14.28","Savonlinna","keskitaso","viitesivu","530","Ajankohtaista","https://www.savonlinna.fi/joulupostia-ikaihmisille-kampanja-kutsuu-kaikki-savonlinnan-seudun-asukkaat-lahettamaan-joulukortteja-ikaantyneille/","https://www.savonlinna.fi/","200","sivukartta","ikaihmisille; ikaantyneille; ikäihmisille; ikääntyneille"
"13.8.2026 klo 14.28","Savukoski","keskitaso","viitesivu","210","Hakutulokset haulle: vanhus","https://www.savukoski.fi/?s=vanhus","https://www.savukoski.fi/","200","sisäinen haku","vanhus"
"13.8.2026 klo 14.28","Seinäjoki","korkea","palvelusivu","600","Ikääntyvien palvelut","https://www.seinajoki.fi/ikaantyvien-palvelut/","https://www.seinajoki.fi/","200","manuaalinen varmennus","ikääntyneille; ikaantyneille; ikäihmisille; ikääntyneet; ikääntyvä"
"13.8.2026 klo 14.28","Sievi","korkea","palvelusivu","999","Ikäihmiset","https://www.sievi.fi/ikaihmiset","https://www.sievi.fi/","200","aiemmin varmennettu","aiemmin varmennettu"
"13.8.2026 klo 14.28","Siikainen","keskitaso","viitesivu","265","Vanhus- ja vammaisneuvosto | Siikainen - Luontoa käydä edellä","https://siikainen.fi/kunta-ja-hallinto/paatoksenteko/toimielimet/hyvinvointilautakunta/vanhus-ja-vammaisneuvosto/","https://siikainen.fi/","200","etusivu","vanhus; eläkeläiset"
"13.8.2026 klo 14.28","Siikajoki","keskitaso","palvelusivu","405","Liikunnan ohjaus ja seniorit","https://www.siikajoki.fi/liikunnan-ohjaus-ja-seniorit","https://www.siikajoki.fi/","200","etusivu","seniorit; eläkkeellä"
"13.8.2026 klo 14.28","Siikalatva","ei löytynyt","","0","","","https://siikalatva.fi/","200","",""
"13.8.2026 klo 14.28","Siilinjärvi","keskitaso","viitesivu","285","Vanhus- ja vammaisneuvosto","https://siilinjarvi.fi/siilinjarven-kunta/osallistu-ja-vaikuta/vaikuttamistoimielimet/vanhus-ja-vammaisneuvosto/","https://www.siilinjarvi.fi/","200","etusivu","vanhus; senioreille"
"13.8.2026 klo 14.28","Simo","ei löytynyt","","0","","","https://www.simo.fi/","200","",""
"13.8.2026 klo 14.28","Sipoo","keskitaso","palvelusivu","405","Tietotekniikan opastusta senioreille Uudellamaalla","https://www.sipoo.fi/asiointikanava/tietotekniikan-opastusta-senioreille-uudellamaalla/","https://www.sipoo.fi/","200","sisäinen haku","senioreille; seniorit; eläkkeellä; vanhus"
"13.8.2026 klo 14.28","Siuntio","keskitaso","palvelusivu","600","Liikuntapalvelut senioreille käynnistyvät maanantaina 15.4.","https://www.siuntio.fi/2024/04/12/liikuntapalvelut-senioreille-kaynnistyy-ma-15-4-alkaen/?_rt=MnwxfHNlbmlvcml8MTc4NjYyMDQyMA&_rt_nonce=2eecd746ad","https://www.siuntio.fi/","200","sisäinen haku","palvelut senioreille; senioreille; vanhus"
"13.8.2026 klo 14.28","Sodankylä","keskitaso","viitesivu","165","Ei kaikille, mutta joillekin kaikki.","https://www.sodankyla.fi/?find=vanhus","https://www.sodankyla.fi/","200","sisäinen haku","vanhus"
"13.8.2026 klo 14.28","Soini","ei löytynyt","","0","","","https://soini.fi/","200","",""
"13.8.2026 klo 14.28","Somero","keskitaso","palvelusivu","600","Ikäihmisille","https://www.somero.fi/ikaihmisille/","https://www.somero.fi/","200","etusivu","ikäihmisille; ikaihmisille; vanhus"
"13.8.2026 klo 14.28","Sonkajärvi","keskitaso","viitesivu","285","Vanhus- ja vammaisneuvosto","https://sonkajarvi.fi/fi/hallinto-paatoksenteko-ja-talous/vanhus-ja-vammaisneuvosto","https://sonkajarvi.fi/","200","etusivu","vanhus; ikääntyvä; eläkeläiset"
"13.8.2026 klo 14.28","Sotkamo","keskitaso","viitesivu","165","Ei löydy","https://www.sotkamo.fi/?s=vanhus","https://www.sotkamo.fi/","200","sisäinen haku","vanhus"
"13.8.2026 klo 14.28","Sottunga","ei löytynyt","","0","","","https://www.sottunga.ax/","200","",""
"13.8.2026 klo 14.28","Sulkava","keskitaso","viitesivu","165","Sulkavan kunta on juuri sopivan kokoinen, erityisen elämäniloinen kunta Etelä-Savon maakunnassa. Meillä on kaikki se, mitä tarvitaan hyvään elämiseen. Tervetulo","https://sulkava.fi/?phrase=vanhus","https://sulkava.fi/","200","sisäinen haku","vanhus"
"13.8.2026 klo 14.28","Sund","korkea","palvelusivu","999","Äldreomsorgen i Sund","https://www.sund.ax/social-service/aldreomsorgen-sund","https://www.sund.ax/","200","aiemmin varmennettu","aiemmin varmennettu"
"13.8.2026 klo 14.28","Suomussalmi","keskitaso","viitesivu","210","Vanhus- ja vammaisneuvosto","https://suomussalmi.fi/fi/kunta-ja-hallinto/paatoksenteko/vaikuttamistoimielimet/vanhus-ja-vammaisneuvosto","https://suomussalmi.fi/","200","etusivu","vanhus"
"13.8.2026 klo 14.28","Suonenjoki","korkea","palvelusivu","405","Seniorit","https://suonenjoki.fi/seniorit/","https://suonenjoki.fi/","200","manuaalinen varmennus","seniorit; vanhustyö; ikäihmisille; senioreille; vanhus"
"13.8.2026 klo 14.28","Sysmä","korkea","palvelusivu","405","Senioreille","https://sysma.fi/senioreille/","https://sysma.fi/","200","manuaalinen varmennus","senioreille; vanhus"
"13.8.2026 klo 14.28","Säkylä","keskitaso","palvelusivu","570","Kulttuurista virkeyttä ja voimaa ikäihmisille sekä omaishoitajille","https://www.sakyla.fi/2025/04/15/kulttuurista-virkeytta-ja-voimaa-ikaihmisille-seka-omaishoitajille/","https://www.sakyla.fi/","200","sivukartta","ikäihmisille; ikaihmisille"
"13.8.2026 klo 14.28","Taipalsaari","keskitaso","viitesivu","210","Vanhus- ja vammaisneuvosto","https://www.taipalsaari.fi/fi/kunta-ja-paatoksenteko/paatoksenteko/vanhus-ja-vammaisneuvosto","https://www.taipalsaari.fi/","200","etusivu","vanhus"
"13.8.2026 klo 14.28","Taivalkoski","keskitaso","viitesivu","1050","Joulupostia ikäihmisille -kampanja kutsuu Taivalkosken asukkaat lähettämään joulukortteja ikääntyneille","https://taivalkoski.fi/blog/joulupostia-ikaihmisille-kampanja-kutsuu-taivalkosken-asukkaat-lahettamaan-joulukortteja-ikaantyneille/","https://www.taivalkoski.fi/","200","sivukartta","ikäihmisille; ikaihmisille; ikääntyneille; ikaantyneille; vanhus"
"13.8.2026 klo 14.28","Taivassalo","korkea","palvelusivu","1035","Vanhustyö","https://taivassalo.fi/sote/vanhustyo","https://www.taivassalo.fi/","200","manuaalinen varmennus","vanhustyö; vanhustyo; vanhus"
"13.8.2026 klo 14.28","Tammela","keskitaso","viitesivu","405","Etsivän senioritoiminnan hanke","https://www.tammela.fi/terveys-ja-hyvinvointi/hyvinvoinnin-ja-terveyden-edistaminen/etsivan-senioritoiminnan-hanke","https://www.tammela.fi/","200","sivukartta","seniorit; vanhus"
"13.8.2026 klo 14.28","Tampere","korkea","palvelusivu","910","Ikääntyneet","https://www.tampere.fi/ikaantyneet","https://www.tampere.fi/","200","manuaalinen varmennus","vanhustyö; vanhustyo; vanhus; ikääntyneet; senioreille"
"13.8.2026 klo 14.28","Tervo","keskitaso","viitesivu","890","Joulupostia ikäihmisille -kampanja kutsuu Tervon asukkaat lähettämään joulukortteja ikääntyneille - Ajankohtaista - Tervo","https://www.tervo.fi/-/joulupostia-ikaihmisille-kampanja-kutsuu-tervon-asukkaat-lahettamaan-joulukortteja-ikaantyneille","https://www.tervo.fi/","200","sivukartta","ikäihmisille; ikaihmisille; ikääntyneille; ikaantyneille; vanhus"
"13.8.2026 klo 14.28","Tervola","keskitaso","viitesivu","210","Tervola on pieni mutta ämpäripäinen","https://tervola.fi/?s=vanhus","https://tervola.fi","200","sisäinen haku","vanhus"
"13.8.2026 klo 14.28","Teuva","korkea","palvelusivu","720","Ikääntyneet","https://teuva.fi/ikaantyneet/","https://teuva.fi/","200","manuaalinen varmennus","ikääntyneet; ikaantyneet; ikääntyneille; vanhus"
"13.8.2026 klo 14.28","Tohmajärvi","keskitaso","viitesivu","710","Etsivää vanhustyötä Tohmajärvelle Teams-tilaisuus 26.1.2022 klo 17-18 - Uutiset","https://www.tohmajarvi.fi/-/etsivaa-vanhustyota-tohmajarvelle-teams-tilaisuus-26-1-2022-klo-17-18","https://www.tohmajarvi.fi/","200","sivukartta","vanhustyö; vanhustyo; vanhus"
"13.8.2026 klo 14.28","Toholampi","keskitaso","palvelusivu","690","Palvelut ikäihmisille","https://www.toholampi.fi/palvelut-ikaihmisille/","https://www.toholampi.fi/","200","etusivu","ikäihmisille; ikaihmisille; eläkkeellä; vanhus"
"13.8.2026 klo 14.28","Toivakka","korkea","palvelusivu","999","Ikäihmisten palvelut ja senioritoiminta","https://www.toivakka.fi/sosiaali-ja-terveyspalvelut/ikaihmisten-palvelut/","https://www.toivakka.fi/","200","aiemmin varmennettu","aiemmin varmennettu"
"13.8.2026 klo 14.28","Tornio","ei löytynyt","","0","","","https://www.tornio.fi/","200","",""
"13.8.2026 klo 14.28","Turku","korkea","palvelusivu","495","Seniorit","https://www.turku.fi/seniorit","https://turku.fi","200","manuaalinen varmennus","ikääntyneille; ikaantyneille"
"13.8.2026 klo 14.28","Tuusniemi","keskitaso","viitesivu","265","VANHUS- JA VAMMAISNEUVOSTO","https://www.tuusniemi.fi/vanhus-ja-vammaisneuvosto","https://www.tuusniemi.fi/","200","etusivu","vanhus; eläkeläiset"
"13.8.2026 klo 14.28","Tuusula","korkea","palvelusivu","999","Ikäihmiset","https://tuusula.fi/ikaihmiset/","https://www.tuusula.fi/","200","aiemmin varmennettu","aiemmin varmennettu"
"13.8.2026 klo 14.28","Tyrnävä","keskitaso","viitesivu","210","Vanhus- ja vammaisneuvosto","https://www.tyrnava.fi/paatoksenteko-ja-kunta/paatoksenteko/vanhus-ja-vammaisneuvosto.html","https://www.tyrnava.fi/","200","etusivu","vanhus"
"13.8.2026 klo 14.28","Ulvila","korkea","palvelusivu","999","Palvelut senioreille","https://www.ulvila.fi/palvelut-senioreille/","https://www.ulvila.fi/","200","aiemmin varmennettu","aiemmin varmennettu"
"13.8.2026 klo 14.28","Urjala","korkea","palvelusivu","625","Ikäihmiset","https://www.urjala.fi/ikaihmiset/","https://www.urjala.fi/","200","manuaalinen varmennus","ikäihmiset; ikaihmiset; vanhus"
"13.8.2026 klo 14.28","Utajärvi","korkea","palvelusivu","999","Senioripalvelut","https://www.utajarvi.fi/fi/hyvinvointi_ja_vapaa-aika/senioripalvelut/","https://www.utajarvi.fi/","200","aiemmin varmennettu","aiemmin varmennettu"
"13.8.2026 klo 14.28","Utsjoki","ei löytynyt","","0","","","https://www.utsjoki.fi/","200","",""
"13.8.2026 klo 14.28","Uurainen","korkea","palvelusivu","625","Ikäihmiset","https://uurainen.fi/sosiaali-ja-terveyspalvelut/ikaihmiset/","https://uurainen.fi/","200","manuaalinen varmennus","ikäihmiset; ikaihmiset; ikäihmisten palvelut; vanhuspalvelu; vanhus"
"13.8.2026 klo 14.28","Uusikaarlepyy","keskitaso","viitesivu","380","Äldrerådet","https://www.nykarleby.fi/forvaltning-och-beslut/beslutande/fortroendeorgan/aldreradet/","https://www.nykarleby.fi/","200","sisäinen haku","äldre; aldre"
"13.8.2026 klo 14.28","Uusikaupunki","keskitaso","viitesivu","285","Vanhusneuvosto","https://uusikaupunki.fi/fi/vanhusneuvosto","https://uusikaupunki.fi/","200","etusivu","vanhus; vanhustyö; seniorit; eläkeläiset"
"13.8.2026 klo 14.28","Vaala","keskitaso","palvelusivu","600","Kenkien liukuesteiden jako ikäihmisille","https://www.vaala.fi/kenkien-liukuesteiden-jako-ikaihmisille/","https://www.vaala.fi/","200","sivukartta","ikäihmisille; ikaihmisille; senioripalvelut; vanhus"
"13.8.2026 klo 14.28","Vaasa","korkea","palvelusivu","1035","Ikäihmisille","https://www.vaasa.fi/asu-ja-ela/palvelut-kohderyhmittain/ikaihmisille/","https://www.vaasa.fi/","200","manuaalinen varmennus","vanhustyö; vanhustyo; vanhus; ikäihmisille"
"13.8.2026 klo 14.28","Valkeakoski","ei löytynyt","","0","","","https://www.valkeakoski.fi/","500","",""
"13.8.2026 klo 14.28","Vantaa","korkea","palvelusivu","730","Palvelut senioreille","https://www.vantaa.fi/fi/tukea-ja-apua-arkeen/senioreille","https://www.vantaa.fi/","200","manuaalinen varmennus","palvelut senioreille; senioreille"
"13.8.2026 klo 14.28","Varkaus","ei löytynyt","","0","","","https://varkaus.fi/","AbortError","",""
"13.8.2026 klo 14.28","Vehmaa","ei löytynyt","","0","","","https://www.vehmaa.fi/","AbortError","",""
"13.8.2026 klo 14.28","Vesanto","keskitaso","viitesivu","540","Hilkka Huuskonen on Vesannon vuoden ikääntyvä vuonna 2024","https://vesanto.fi/hilkka-huuskonen-on-vesannon-vuoden-ikaantyva-vuonna-2024/","https://vesanto.fi/","200","sisäinen haku","ikääntyvä; ikaantyva; ikääntyneille; vanhus"
"13.8.2026 klo 14.28","Vesilahti","korkea","palvelusivu","999","Senioripalvelut","https://www.vesilahti.fi/vapaa-aika/senioripalvelut/","https://www.vesilahti.fi/","200","aiemmin varmennettu","aiemmin varmennettu"
"13.8.2026 klo 14.28","Veteli","keskitaso","viitesivu","285","Vanhus -ja vammaisneuvosto - Kylä koko elämäksi - luonnollisesti.","https://veteli.fi/kunta-ja-konserni/paatoksenteko/vanhus-ja-vammaisneuvosto/","https://veteli.fi/","200","sisäinen haku","vanhus; vanhustyö"
"13.8.2026 klo 14.28","Vieremä","keskitaso","viitesivu","600","Tehdään yllätyksiä ikäihmisille -kampanja","https://vierema.fi/tehdaan-yllatyksia-ikaihmisille-kampanja/","https://vierema.fi/","200","sivukartta","ikäihmisille; ikaihmisille; ikääntyneille"
"13.8.2026 klo 14.28","Vihti","keskitaso","palvelusivu","910","Vihtiläisen urheiluseuran vanhustyö sai merkittävän rahoituksen","https://www.vihti.fi/blog/2021/02/24/vihtilaisen-urheiluseuran-vanhustyo-sai-merkittavan-rahoituksen/","https://www.vihti.fi/","200","sivukartta","vanhustyö; vanhustyo; vanhus; ikäihmisille"
"13.8.2026 klo 14.28","Viitasaari","korkea","palvelusivu","999","Ikäihmisten palvelut","https://viitasaari.fi/sosiaali-ja-terveyspalvelut/ikaantyvat/","https://viitasaari.fi/","200","aiemmin varmennettu","aiemmin varmennettu"
"13.8.2026 klo 14.28","Vimpeli","keskitaso","viitesivu","210","Vimpelin kunta","https://www.vimpeli.fi/kunta-ja-paatoksenteko/vanhus-ja-vammaisneuvosto","https://www.vimpeli.fi/","200","etusivu","vanhus"
"13.8.2026 klo 14.28","Virolahti","korkea","palvelusivu","999","Ikääntyneiden palvelut","https://virolahti.fi/terveys-ja-sosiaalipalvelut/ikaantyneiden-palvelut/","https://virolahti.fi/","200","aiemmin varmennettu","aiemmin varmennettu"
"13.8.2026 klo 14.28","Virrat","korkea","palvelusivu","960","Ikäihmisten palvelut","https://www.virrat.fi/hyvinvoinnin-toimiala134460894/hyvinvoinnin-ja-terveyden-edistaminen/elintapaohjaus/ikaihmisten-palvelut/","https://www.virrat.fi","200","manuaalinen varmennus","ikäihmisten palvelut; ikaihmisten palvelut; vanhus"
"13.8.2026 klo 14.28","Vårdö","korkea","palvelusivu","999","Äldreomsorg","https://www.vardo.ax/aldreomsorg","https://www.vardo.ax/","200","aiemmin varmennettu","aiemmin varmennettu"
"13.8.2026 klo 14.28","Vöyri","korkea","palvelusivu","999","Äldreomsorg","https://www.vora.fi/tjanster/vard-och-omsorg/aldreomsorg/","https://www.vora.fi/","200","aiemmin varmennettu","aiemmin varmennettu"
"13.8.2026 klo 14.28","Ylitornio","ei löytynyt","","0","","","https://ylitornio.fi/","AbortError","",""
"13.8.2026 klo 14.28","Ylivieska","korkea","palvelusivu","999","Ikäihmiset","https://www.ylivieska.fi/ikaihmiset/","https://www.ylivieska.fi/","200","aiemmin varmennettu","aiemmin varmennettu"
"13.8.2026 klo 14.28","Ylöjärvi","korkea","palvelusivu","600","Ikäihmiset","https://www.ylojarvi.fi/ikaihmiset/","https://www.ylojarvi.fi/","200","manuaalinen varmennus","ikäihmisille; ikaihmisille; ikäihminen; vanhus"
"13.8.2026 klo 14.28","Ypäjä","keskitaso","viitesivu","645","Odotusajat vanhuspalveluihin","https://ypaja.fi/odotusajat-vanhuspalveluihin/","https://ypaja.fi/","200","sivukartta","vanhuspalvelu; vanhus"
"13.8.2026 klo 14.28","Ähtäri","korkea","palvelusivu","999","Ikäihmisten palvelut","https://www.ahtari.fi/index.php/sosiaali-ja-terveyspalvelut/ikaeihmisten-palvelut","https://www.ahtari.fi/","200","aiemmin varmennettu","aiemmin varmennettu"
"13.8.2026 klo 14.28","Äänekoski","korkea","palvelusivu","720","Ikääntyneet","https://www.aanekoski.fi/ikaantyneet","https://www.aanekoski.fi/","200","manuaalinen varmennus","ikääntyneet; ikaantyneet; ikääntyvä"
