"Prioriteetti","Toimenpide","Peruste","Lähdetiedosto","Nimi sovelluksessa","Nykyinen URL","Ehdotettu URL","HTTP","Virhekoodi"
"1","POISTA HETI","Osoite ohjaa verkkotunnusten kauppapaikkaan","communityLinks.ts","Eläkeläisliittojen etujärjestö EETU ry","https://www.eetu.fi/","https://sedo.com/search/details/?partnerid=324561&language=fi&domain=eetu.fi&origin=sales_lander_15&utm_medium=Parking&utm_campaign=offerpage","403","access_limited"
"1","POISTA HETI","Osoite ohjaa verkkotunnusten kauppapaikkaan","communityLinks.ts","Suomen PAH-potilasyhdistys","https://www.pah.fi/","https://catcha.fi/verkkotunnukset/pah.fi","206",""
"2","poista","Verkkotunnus ei enää ratkea — vapautunut ja ostettavissa","communityLinks.ts","AH-potilaat","https://www.ah-potilaat.fi/","","","enotfound"
"2","poista","Verkkotunnus ei enää ratkea — vapautunut ja ostettavissa","communityLinks.ts","Aivolisäke-potilasyhdistys Sella","https://www.aivolisake.fi/","","","enotfound"
"2","poista","Verkkotunnus ei enää ratkea — vapautunut ja ostettavissa","communityLinks.ts","Suomen Akustikusneurinoomayhdistys","https://www.akustikusneurinooma.fi/","","","enotfound"
"2","poista","Verkkotunnus ei enää ratkea — vapautunut ja ostettavissa","communityLinks.ts","Suomen albinismiyhdistys","https://www.albinismi.fi/","","","enotfound"
"2","poista","Verkkotunnus ei enää ratkea — vapautunut ja ostettavissa","communityLinks.ts","Etelä-Suomen Alopecia- ja Vitiligoyhdistys","https://www.alopecia.fi/","","","enotfound"
"2","poista","Verkkotunnus ei enää ratkea — vapautunut ja ostettavissa","communityLinks.ts","Pohjois-Suomen Alopecia- ja Vitiligoyhdistys","https://www.alopecia.fi/pohjois-suomi","","","enotfound"
"2","poista","Verkkotunnus ei enää ratkea — vapautunut ja ostettavissa","communityLinks.ts","ALS-tutkimuksen tuki","https://www.als-tutkimus.fi/","","","enotfound"
"2","poista","Verkkotunnus ei enää ratkea — vapautunut ja ostettavissa","communityLinks.ts","Suomen Amyloidoosiyhdistys","https://www.amyloidoosi.fi/","","","enotfound"
"2","poista","Verkkotunnus ei enää ratkea — vapautunut ja ostettavissa","communityLinks.ts","Autistien ja Rett-henkilöiden Tuki ry","https://www.autistienettutuki.fi/","","","enotfound"
"2","poista","Verkkotunnus ei enää ratkea — vapautunut ja ostettavissa","communityLinks.ts","Suomen CF-yhdistys","https://www.cf-yhdistys.fi/","","","enotfound"
"2","poista","Verkkotunnus ei enää ratkea — vapautunut ja ostettavissa","communityLinks.ts","Suomen Chiari- ja syringomyeliayhdistys","https://www.chiari.fi/","","","enotfound"
"2","poista","Verkkotunnus ei enää ratkea — vapautunut ja ostettavissa","communityLinks.ts","Suomen Dystoniayhdistys","https://www.dystonia.fi/","","","enotfound"
"2","poista","Verkkotunnus ei enää ratkea — vapautunut ja ostettavissa","communityLinks.ts","Suomen EB-yhdistys","https://www.eb-yhdistys.fi/","","","enotfound"
"2","poista","Verkkotunnus ei enää ratkea — vapautunut ja ostettavissa","communityLinks.ts","Erityislasten Omaiset ELO","https://www.elory.fi/","","","enotfound"
"2","poista","Verkkotunnus ei enää ratkea — vapautunut ja ostettavissa","communityLinks.ts","Suomen Fabry-yhdistys","https://www.fabry.fi/","","","enotfound"
"2","poista","Verkkotunnus ei enää ratkea — vapautunut ja ostettavissa","communityLinks.ts","Frax","https://www.frax.fi/","","","enotfound"
"2","poista","Verkkotunnus ei enää ratkea — vapautunut ja ostettavissa","communityLinks.ts","FSHD-yhdistys","https://www.fshd.fi/","","","enotfound"
"2","poista","Verkkotunnus ei enää ratkea — vapautunut ja ostettavissa","communityLinks.ts","GNAO1 Tuki","https://www.gnao1tuki.fi/","","","enotfound"
"2","poista","Verkkotunnus ei enää ratkea — vapautunut ja ostettavissa","communityLinks.ts","Suomen HHT/Osler-yhdistys","https://www.hhtosler.fi/","","","enotfound"
"2","poista","Verkkotunnus ei enää ratkea — vapautunut ja ostettavissa","communityLinks.ts","Ihoyhdistys","https://www.ihoyhdistys.fi/","","","enotfound"
"2","poista","Verkkotunnus ei enää ratkea — vapautunut ja ostettavissa","communityLinks.ts","ITP Suomi","https://www.itpsuomi.fi/","","","eai_again"
"2","poista","Verkkotunnus ei enää ratkea — vapautunut ja ostettavissa","communityLinks.ts","Suomen Kampurajalkayhdistys","https://www.kampurajalkayhdistys.fi/","","","enotfound"
"2","poista","Verkkotunnus ei enää ratkea — vapautunut ja ostettavissa","communityLinks.ts","Karpatiat","https://www.karpatiat.fi/","","","enotfound"
"2","poista","Verkkotunnus ei enää ratkea — vapautunut ja ostettavissa","communityLinks.ts","Marfan ja sen kaltaiset sairaudet ry","https://www.marfanyhdistys.fi/","","","enotfound"
"2","poista","Verkkotunnus ei enää ratkea — vapautunut ja ostettavissa","communityLinks.ts","Suomen MG-yhdistys","https://www.mg-yhdistys.fi/","","","enotfound"
"2","poista","Verkkotunnus ei enää ratkea — vapautunut ja ostettavissa","communityLinks.ts","Mitokondrioyhdistys","https://www.mitokondrioyhdistys.fi/","","","enotfound"
"2","poista","Verkkotunnus ei enää ratkea — vapautunut ja ostettavissa","communityLinks.ts","Suomen NF-yhdistys","https://www.nf-yhdistys.fi/","","","enotfound"
"2","poista","Verkkotunnus ei enää ratkea — vapautunut ja ostettavissa","communityLinks.ts","OUKALI ry","https://www.oukali.fi/","","","enotfound"
"2","poista","Verkkotunnus ei enää ratkea — vapautunut ja ostettavissa","communityLinks.ts","Suomen Palovammayhdistys","https://www.palovammayhdistys.fi/","","","enotfound"
"2","poista","Verkkotunnus ei enää ratkea — vapautunut ja ostettavissa","communityLinks.ts","Suomen PANS/PANDAS","https://www.panspandas.fi/","","","enotfound"
"2","poista","Verkkotunnus ei enää ratkea — vapautunut ja ostettavissa","communityLinks.ts","Pohjanmaan museo","https://www.pohjanmaanmuseo.fi/","","","enotfound"
"2","poista","Verkkotunnus ei enää ratkea — vapautunut ja ostettavissa","communityLinks.ts","Suomen PWS-yhdistys","https://www.pws.fi/","","","enotfound"
"2","poista","Verkkotunnus ei enää ratkea — vapautunut ja ostettavissa","communityLinks.ts","Suomen mediamuseo Rupriikki","https://www.rupriikki.fi/","","","enotfound"
"2","poista","Verkkotunnus ei enää ratkea — vapautunut ja ostettavissa","communityLinks.ts","Satakunnan museo","https://www.satakuntamuseo.fi/","","","enotfound"
"2","poista","Verkkotunnus ei enää ratkea — vapautunut ja ostettavissa","communityLinks.ts","Suomen Sklerodermayhdistys","https://www.skleroderma.fi/","","","enotfound"
"2","poista","Verkkotunnus ei enää ratkea — vapautunut ja ostettavissa","communityLinks.ts","Suomen Sotos-perheiden tukiyhdistys","https://www.sotos.fi/","","","enotfound"
"2","poista","Verkkotunnus ei enää ratkea — vapautunut ja ostettavissa","communityLinks.ts","SUHUPO","https://www.suhupo.fi/","","","enotfound"
"2","poista","Verkkotunnus ei enää ratkea — vapautunut ja ostettavissa","communityLinks.ts","Valoihottumayhdistys","https://www.valoihottuma.fi/","","","enotfound"
"2","poista","Verkkotunnus ei enää ratkea — vapautunut ja ostettavissa","communityLinks.ts","Suomen Vaskuliittiyhdistys","https://www.vaskuliitti.fi/","","","enotfound"
"2","poista","Verkkotunnus ei enää ratkea — vapautunut ja ostettavissa","communityLinks.ts","Waldenström Finland ry","https://www.waldenstrom.fi/","","","enotfound"
"2","poista","Verkkotunnus ei enää ratkea — vapautunut ja ostettavissa","localServices.ts","www.lansi-uusimaa.fi","https://www.lansi-uusimaa.fi/","","","enotfound"
"2","poista","Verkkotunnus ei enää ratkea — vapautunut ja ostettavissa","municipalityNewsFeeds.ts","www.vimpeli.fi","https://www.vimpeli.fi/rss.xml","","","enotfound"
"2","poista","Verkkotunnus ei enää ratkea — vapautunut ja ostettavissa","municipalityWebsites.ts","www.vimpeli.fi","https://www.vimpeli.fi/","","","enotfound"
"2","poista","Verkkotunnus ei enää ratkea — vapautunut ja ostettavissa","seniorSurfGuidancePlaces.ts","www.fredrikabiblioteken.fi","https://www.fredrikabiblioteken.fi/fi/library-page/kruunupyyn-p%C3%A4%C3%A4kirjasto","","","enotfound"
"2","poista","Verkkotunnus ei enää ratkea — vapautunut ja ostettavissa","seniorSurfGuidancePlaces.ts","www.fredrikabiblioteken.fi","https://www.fredrikabiblioteken.fi/fi/library-page/uudenkaarlepyyn-kaupunginkirjasto","","","enotfound"
"3","korjaa osoite","Sivu on poistunut tai siirtynyt (404)","communityLinks.ts","Hämeen linna","https://www.hameenlinna.fi/hameenlinna","","404","http_status_error"
"3","korjaa osoite","Sivu on poistunut tai siirtynyt (404)","communityLinks.ts","Hämeenlinnan taidemuseo","https://www.hameenlinna.fi/taidemuseo","","404","http_status_error"
"3","korjaa osoite","Sivu on poistunut tai siirtynyt (404)","communityLinks.ts","Seurasaaren ulkomuseo","https://www.kansallismuseo.fi/seurasaari","","404","http_status_error"
"3","korjaa osoite","Sivu on poistunut tai siirtynyt (404)","communityLinks.ts","Oulun taidemuseo","https://www.ouka.fi/oulun-taidemuseo","","404","http_status_error"
"3","korjaa osoite","Sivu on poistunut tai siirtynyt (404)","communityLinks.ts","Rovaniemen taidemuseo","https://www.rovaniemi.fi/taidemuseo","","404","http_status_error"
"3","korjaa osoite","Sivu on poistunut tai siirtynyt (404)","localExerciseLinks.ts","akaa.fi","https://akaa.fi/tee-ja-viihdy/liikunta/erityisryhmien-liikunta/liikuntaryhmat/","","404","http_status_error"
"3","korjaa osoite","Sivu on poistunut tai siirtynyt (404)","localExerciseLinks.ts","kiuruvesi.fi","https://kiuruvesi.fi/palvelut/liikunta-ja-ulkoilu/ohjatut-liikuntaryhmat-2024-2025/","","404","http_status_error"
"3","korjaa osoite","Sivu on poistunut tai siirtynyt (404)","localExerciseLinks.ts","lappeenranta.fi","https://lappeenranta.fi/fi/kulttuuri-ja-liikunta/liikunta/ohjattu-liikunta/terveysliikunta-syksy-2025/ohjattujen-liikuntaryhmien-tuntikuvaukset","","404","http_status_error"
"3","korjaa osoite","Sivu on poistunut tai siirtynyt (404)","localExerciseLinks.ts","www.kuopio.fi","https://www.kuopio.fi/vapaa-aika-ja-hyvinvointi/liikkuva-kuopio/vertaisohjattu-liikunta/vertaisohjatut-liikuntarymat/","","404","http_status_error"
"3","korjaa osoite","Sivu on poistunut tai siirtynyt (404)","localExerciseLinks.ts","www.petajavesi.fi","https://www.petajavesi.fi/vapaa-aika-ja-kulttuuri/vapaa-ajan-palvelut2017/soveltava-liikunta","","404","http_status_error"
"3","korjaa osoite","Sivu on poistunut tai siirtynyt (404)","localExerciseLinks.ts","www.pori.fi","https://www.pori.fi/vapaa-aika/liikunta/ohjattu-liikunta/kesaliikunta/","","404","http_status_error"
"3","korjaa osoite","Sivu on poistunut tai siirtynyt (404)","localExerciseLinks.ts","www.pudasjarvi.fi","https://www.pudasjarvi.fi/liikuntapalvelut/liikuntatarjonta/","","404","http_status_error"
"3","korjaa osoite","Sivu on poistunut tai siirtynyt (404)","localExerciseLinks.ts","www.savukoski.fi","https://www.savukoski.fi/news-article/liikuntapalvelut/","","404","http_status_error"
"3","korjaa osoite","Sivu on poistunut tai siirtynyt (404)","localNewspaperLinks.ts","www.kaleva.fi","https://www.kaleva.fi/oulun-seutu/","","404","http_status_error"
"3","korjaa osoite","Sivu on poistunut tai siirtynyt (404)","localSeniorLinks.ts","www.pudasjarvi.fi","https://www.pudasjarvi.fi/asuminen-ja-ymparisto/seniorit/","","404","http_status_error"
"3","korjaa osoite","Sivu on poistunut tai siirtynyt (404)","localSeniorLinks.ts","www.riihimaki.fi","https://www.riihimaki.fi/ela-ja-voi-hyvin/hyvinvointi/aktiivisuutta-arkeen/avoin-senioritoiminta/","","404","http_status_error"
"3","korjaa osoite","Sivu on poistunut tai siirtynyt (404)","localServiceTransportLinks.ts","Kiuruvesi palveluliikenne","https://kiuruvesi.fi/asuminen-ja-ymparisto/liikenne/palveluliikenne/","","404","http_status_error"
"3","korjaa osoite","Sivu on poistunut tai siirtynyt (404)","localServiceTransportLinks.ts","Lapinlahti asiointiliikenne","https://lapinlahti.fi/liikenne/","","404","http_status_error"
"3","korjaa osoite","Sivu on poistunut tai siirtynyt (404)","localServiceTransportLinks.ts","Parikkala palveluliikenne","https://parikkala.fi/asuminen-ja-ymparisto/joukkoliikenne/","","404","http_status_error"
"3","korjaa osoite","Sivu on poistunut tai siirtynyt (404)","localServiceTransportLinks.ts","Kuopio PALI-palveluliikenne","https://vilkku.kuopio.fi/pali","","404","http_status_error"
"3","korjaa osoite","Sivu on poistunut tai siirtynyt (404)","localServiceTransportLinks.ts","Joroinen palveluliikenne","https://www.joroinen.fi/asuminen-ja-ymparisto/liikenne/palveluliikenne-pali/","","404","http_status_error"
"3","korjaa osoite","Sivu on poistunut tai siirtynyt (404)","localServiceTransportLinks.ts","Ähtäri asiointiliikenne","https://www.petripekkala.com/asiointiliikenne.html","","404","http_status_error"
"3","korjaa osoite","Sivu on poistunut tai siirtynyt (404)","localServiceTransportLinks.ts","Pudasjärvi palveluliikenne","https://www.pudasjarvi.fi/asuminen-ja-ymparisto/liikenneyhteydet/asiointiliikenne/","","404","http_status_error"
"3","korjaa osoite","Sivu on poistunut tai siirtynyt (404)","localServiceTransportLinks.ts","Sonkajärvi asiointi- ja palveluliikenne","https://www.sonkajarvi.fi/asuminen-ja-ymparisto/tiet-ja-liikenne/joukkoliikenne/","","404","http_status_error"
"3","korjaa osoite","Sivu on poistunut tai siirtynyt (404)","municipalityWebsiteLocales.ts","www.juuka.fi","https://www.juuka.fi/en/web/english","","404","http_status_error"
"3","korjaa osoite","Sivu on poistunut tai siirtynyt (404)","municipalityWebsiteLocales.ts","www.juuka.fi","https://www.juuka.fi/ru/web/russian","","404","http_status_error"
"3","korjaa osoite","Sivu on poistunut tai siirtynyt (404)","municipalityWebsiteLocales.ts","www.rantasalmi.fi","https://www.rantasalmi.fi/en/","","404","http_status_error"
"3","korjaa osoite","Sivu on poistunut tai siirtynyt (404)","seniorSurfGuidancePlaces.ts","mantyharju.fi","https://mantyharju.fi/sisalto/palvelut/kirjastopalvelut","","404","http_status_error"
"3","korjaa osoite","Sivu on poistunut tai siirtynyt (404)","seniorSurfGuidancePlaces.ts","multia.fi","https://multia.fi/asukkaille/kirjasto.html","","404","http_status_error"
"3","korjaa osoite","Sivu on poistunut tai siirtynyt (404)","seniorSurfGuidancePlaces.ts","norrakyrkslatt.spfpension.fi","https://norrakyrkslatt.spfpension.fi/textmodul/","","404","http_status_error"
"3","korjaa osoite","Sivu on poistunut tai siirtynyt (404)","seniorSurfGuidancePlaces.ts","thefirma.fi","https://thefirma.fi/?page_id=44","","404","http_status_error"
"3","korjaa osoite","Sivu on poistunut tai siirtynyt (404)","seniorSurfGuidancePlaces.ts","tslturku.fi","https://tslturku.fi/apupiste-nettitaitoja-kadesta-pitaen","","404","http_status_error"
"3","korjaa osoite","Sivu on poistunut tai siirtynyt (404)","seniorSurfGuidancePlaces.ts","uusikaupunki.fi","https://uusikaupunki.fi/fi/kirjaston-palvelut/kirjaston-digiopastus","","404","http_status_error"
"3","korjaa osoite","Sivu on poistunut tai siirtynyt (404)","seniorSurfGuidancePlaces.ts","valkery.fi","https://valkery.fi/digineuvonta/","","404","http_status_error"
"3","korjaa osoite","Sivu on poistunut tai siirtynyt (404)","seniorSurfGuidancePlaces.ts","www.elakeliitto.fi","https://www.elakeliitto.fi/muut-viikottaiset-kerhot","","404","http_status_error"
"3","korjaa osoite","Sivu on poistunut tai siirtynyt (404)","seniorSurfGuidancePlaces.ts","www.grankulla.spfpension.fi","https://www.grankulla.spfpension.fi/hobby/it_stod/","","404","http_status_error"
"3","korjaa osoite","Sivu on poistunut tai siirtynyt (404)","seniorSurfGuidancePlaces.ts","www.hanko.fi","https://www.hanko.fi/kulttuuri_vapaa-aika_ja_nuoriso/kirjasto/aukioloajat_ja_yhteystiedot","","404","http_status_error"
"3","korjaa osoite","Sivu on poistunut tai siirtynyt (404)","seniorSurfGuidancePlaces.ts","www.hel.fi","https://www.hel.fi/sote/toimipisteet-fi/aakkosittain/kamppi-pake","","404","http_status_error"
"3","korjaa osoite","Sivu on poistunut tai siirtynyt (404)","seniorSurfGuidancePlaces.ts","www.hel.fi","https://www.hel.fi/sote/toimipisteet-fi/aakkosittain/munkkiniemi-pake","","404","http_status_error"
"3","korjaa osoite","Sivu on poistunut tai siirtynyt (404)","seniorSurfGuidancePlaces.ts","www.hel.fi","https://www.hel.fi/sote/toimipisteet-fi/aakkosittain/pohjois-haaga-pake","","404","http_status_error"
"3","korjaa osoite","Sivu on poistunut tai siirtynyt (404)","seniorSurfGuidancePlaces.ts","www.hel.fi","https://www.hel.fi/sote/toimipisteet-fi/aakkosittain/syystien-seniorikeskus/","","404","http_status_error"
"3","korjaa osoite","Sivu on poistunut tai siirtynyt (404)","seniorSurfGuidancePlaces.ts","www.huittinen.fi","https://www.huittinen.fi/palvelut/kirjastopalvelut","","404","http_status_error"
"3","korjaa osoite","Sivu on poistunut tai siirtynyt (404)","seniorSurfGuidancePlaces.ts","www.hyvinkaa.fi","https://www.hyvinkaa.fi/kulttuuri-ja-vapaa-aika/kirjasto/vierailut-ja-opetus/kirjaston-tietotekniikkaopastukset/","","404","http_status_error"
"3","korjaa osoite","Sivu on poistunut tai siirtynyt (404)","seniorSurfGuidancePlaces.ts","www.kauhava.fi","https://www.kauhava.fi/palvelut/kirjasto_ja_tietopalvelut","","404","http_status_error"
"3","korjaa osoite","Sivu on poistunut tai siirtynyt (404)","seniorSurfGuidancePlaces.ts","www.keuruu.fi","https://www.keuruu.fi/vapaa-aika-ja-kulttuuri/kirjasto/palvelut/asiakaskoneet-ja-digipalvelut","","404","http_status_error"
"3","korjaa osoite","Sivu on poistunut tai siirtynyt (404)","seniorSurfGuidancePlaces.ts","www.kouvola.fi","https://www.kouvola.fi/kouvolankaupunki/asiointi/digituki-2/digituki-yhteisotiloissa/","","404","http_status_error"
"3","korjaa osoite","Sivu on poistunut tai siirtynyt (404)","seniorSurfGuidancePlaces.ts","www.laitila.fi","https://www.laitila.fi/palvelut/kirjastopalvelut/","","404","http_status_error"
"3","korjaa osoite","Sivu on poistunut tai siirtynyt (404)","seniorSurfGuidancePlaces.ts","www.lohjansydan.fi","https://www.lohjansydan.fi/toiminta/digitoiminta","","404","http_status_error"
"3","korjaa osoite","Sivu on poistunut tai siirtynyt (404)","seniorSurfGuidancePlaces.ts","www.mikkelinsetlementti.fi","https://www.mikkelinsetlementti.fi/ikadigi/sdfghjk/","","404","http_status_error"
"3","korjaa osoite","Sivu on poistunut tai siirtynyt (404)","seniorSurfGuidancePlaces.ts","www.narpes.fi","https://www.narpes.fi/fi/invanare/fritid-kultur/kirjasto/narpion-kirjastot","","404","http_status_error"
"3","korjaa osoite","Sivu on poistunut tai siirtynyt (404)","seniorSurfGuidancePlaces.ts","www.pargas.fi","https://www.pargas.fi/sv/web/pargas/handledning-och-radgivning?inheritRedirect=true","","404","http_status_error"
"3","korjaa osoite","Sivu on poistunut tai siirtynyt (404)","seniorSurfGuidancePlaces.ts","www.sipoo.fi","https://www.sipoo.fi/fi/kulttuuri_ja_vapaa-aika/kirjasto/kirjastot_ja_yhteystiedot/sipoon_paakirjasto","","404","http_status_error"
"3","korjaa osoite","Sivu on poistunut tai siirtynyt (404)","seniorSurfGuidancePlaces.ts","www.turku.fi","https://www.turku.fi/monitori/digituki","","404","http_status_error"
"3","korjaa osoite","Sivu on poistunut tai siirtynyt (404)","seniorSurfGuidancePlaces.ts","www.tuulensuunpalvelukeskus.fi","https://www.tuulensuunpalvelukeskus.fi/muut-palvelut/seniorit-surffaa","","404","http_status_error"
"3","korjaa osoite","Sivu on poistunut tai siirtynyt (404)","seniorSurfGuidancePlaces.ts","www.tuusula.fi","https://www.tuusula.fi/sivu.tmpl?sivu_id=10054","","404","http_status_error"
"3","korjaa osoite","Sivu on poistunut tai siirtynyt (404)","seniorSurfGuidancePlaces.ts","www.utsjoki.fi","https://www.utsjoki.fi/kuntalaiselle/kirjasto-kulttuuri-ja-vapaa-aika/kirjasto/","","404","http_status_error"
"3","korjaa osoite","Sivu on poistunut tai siirtynyt (404)","seniorSurfGuidancePlaces.ts","www.varha.fi","https://www.varha.fi/fi/palvelut/hyvinvointikeskusten-palvelut-yli-65-vuotiaille","","404","http_status_error"
"3","korjaa osoite","Sivu on poistunut tai siirtynyt (404)","seniorSurfGuidancePlaces.ts","www.vora.fi","https://www.vora.fi/ko-kulttuuri-ja-vapaa-aika/kirjasto/","","404","http_status_error"
"4","päivitä HTTPS","HTTPS-versio toimii — vaihda osoite, linkki palaa käyttäjille","localServices.ts","Eepos-kirjastot","http://eepos.finna.fi/","https://eepos.finna.fi/","200","https_available"
"4","päivitä HTTPS","HTTPS-versio toimii — vaihda osoite, linkki palaa käyttäjille","localServices.ts","Fredrikabiblioteken","http://fredrika.finna.fi/","https://fredrika.finna.fi/","200","https_available"
"4","päivitä HTTPS","HTTPS-versio toimii — vaihda osoite, linkki palaa käyttäjille","localServices.ts","Lapin kirjasto","http://lapinkirjasto.finna.fi/","https://lapinkirjasto.finna.fi/","200","https_available"
"4","päivitä HTTPS","HTTPS-versio toimii — vaihda osoite, linkki palaa käyttäjille","seniorSurfGuidancePlaces.ts","hausjarvi.fi","http://hausjarvi.fi/palvelut/vapaa-aika-kulttuuri/kirjasto/","https://hausjarvi.fi/palvelut/vapaa-aika-kulttuuri/kirjasto/","200","https_available"
"4","päivitä HTTPS","HTTPS-versio toimii — vaihda osoite, linkki palaa käyttäjille","seniorSurfGuidancePlaces.ts","heinavesi.fi","http://heinavesi.fi/kirjasto","https://heinavesi.fi/kirjasto","200","https_available"
"4","päivitä HTTPS","HTTPS-versio toimii — vaihda osoite, linkki palaa käyttäjille","seniorSurfGuidancePlaces.ts","kirjasto.pieksamaki.fi","http://kirjasto.pieksamaki.fi/","https://kirjasto.pieksamaki.fi/","200","https_available"
"4","päivitä HTTPS","HTTPS-versio toimii — vaihda osoite, linkki palaa käyttäjille","seniorSurfGuidancePlaces.ts","korsholm.spfpension.fi","http://korsholm.spfpension.fi/","https://korsholm.spfpension.fi/","200","https_available"
"4","päivitä HTTPS","HTTPS-versio toimii — vaihda osoite, linkki palaa käyttäjille","seniorSurfGuidancePlaces.ts","lestinreuma.reumaliitto.fi","http://lestinreuma.reumaliitto.fi/","https://lestinreuma.reumaliitto.fi/","200","https_available"
"4","päivitä HTTPS","HTTPS-versio toimii — vaihda osoite, linkki palaa käyttäjille","seniorSurfGuidancePlaces.ts","loppi.fi","http://loppi.fi/palvelut/kulttuuri-ja-vapaa-aika/kirjasto/","https://loppi.fi/palvelut/kulttuuri-ja-vapaa-aika/kirjasto/","200","https_available"
"4","päivitä HTTPS","HTTPS-versio toimii — vaihda osoite, linkki palaa käyttäjille","seniorSurfGuidancePlaces.ts","milstolpen.spfpension.fi","http://milstolpen.spfpension.fi/","https://milstolpen.spfpension.fi/","200","https_available"
"4","päivitä HTTPS","HTTPS-versio toimii — vaihda osoite, linkki palaa käyttäjille","seniorSurfGuidancePlaces.ts","narpes.spfpension.fi","http://narpes.spfpension.fi/hem/","https://narpes.spfpension.fi/hem/","200","https_available"
"4","päivitä HTTPS","HTTPS-versio toimii — vaihda osoite, linkki palaa käyttäjille","seniorSurfGuidancePlaces.ts","seutuopisto.pieksamaki.fi","http://seutuopisto.pieksamaki.fi/","https://seutuopisto.pieksamaki.fi/","200","https_available"
"4","päivitä HTTPS","HTTPS-versio toimii — vaihda osoite, linkki palaa käyttäjille","seniorSurfGuidancePlaces.ts","terjarv.spfpension.fi","http://terjarv.spfpension.fi/start/","https://terjarv.spfpension.fi/start/","200","https_available"
"4","päivitä HTTPS","HTTPS-versio toimii — vaihda osoite, linkki palaa käyttäjille","seniorSurfGuidancePlaces.ts","tervola.fi","http://tervola.fi/vapaa-aika-ja-liikunta/kirjasto/kirjaston-palvelut/","https://tervola.fi/vapaa-aika-ja-liikunta/kirjasto/kirjaston-palvelut/","200","https_available"
"4","päivitä HTTPS","HTTPS-versio toimii — vaihda osoite, linkki palaa käyttäjille","seniorSurfGuidancePlaces.ts","tietotupa.omasivu.fi","http://tietotupa.omasivu.fi/tuki-vaaksyn-information-room/","https://tietotupa.omasivu.fi/tuki-vaaksyn-information-room/","200","https_available"
"4","päivitä HTTPS","HTTPS-versio toimii — vaihda osoite, linkki palaa käyttäjille","seniorSurfGuidancePlaces.ts","vastanfjard.spfpension.fi","http://vastanfjard.spfpension.fi/start/","https://vastanfjard.spfpension.fi/start/","200","https_available"
"4","päivitä HTTPS","HTTPS-versio toimii — vaihda osoite, linkki palaa käyttäjille","seniorSurfGuidancePlaces.ts","www.aura.fi","http://www.aura.fi/kirjasto/","https://www.aura.fi/kirjasto/","200","https_available"
"4","päivitä HTTPS","HTTPS-versio toimii — vaihda osoite, linkki palaa käyttäjille","seniorSurfGuidancePlaces.ts","www.haapajarvi.fi","http://www.haapajarvi.fi/kirjasto","https://www.haapajarvi.fi/kirjasto","200","https_available"
"4","päivitä HTTPS","HTTPS-versio toimii — vaihda osoite, linkki palaa käyttäjille","seniorSurfGuidancePlaces.ts","www.hameenlinna.fi","http://www.hameenlinna.fi/pysakki","https://www.hameenlinna.fi/pysakki","200","https_available"
"4","päivitä HTTPS","HTTPS-versio toimii — vaihda osoite, linkki palaa käyttäjille","seniorSurfGuidancePlaces.ts","www.harjavalta.fi","http://www.harjavalta.fi/kirjasto","https://www.harjavalta.fi/kirjasto","200","https_available"
"4","päivitä HTTPS","HTTPS-versio toimii — vaihda osoite, linkki palaa käyttäjille","seniorSurfGuidancePlaces.ts","www.ii.fi","http://www.ii.fi/kirjasto","https://www.ii.fi/kirjasto","200","https_available"
"4","päivitä HTTPS","HTTPS-versio toimii — vaihda osoite, linkki palaa käyttäjille","seniorSurfGuidancePlaces.ts","www.ilomantsi.fi","http://www.ilomantsi.fi/kirjasto","https://www.ilomantsi.fi/kirjasto","200","https_available"
"4","päivitä HTTPS","HTTPS-versio toimii — vaihda osoite, linkki palaa käyttäjille","seniorSurfGuidancePlaces.ts","www.joutsa.fi","http://www.joutsa.fi/vapaa-aika-ja-kulttuuri/kirjasto/","https://www.joutsa.fi/vapaa-aika-ja-kulttuuri/kirjasto/","200","https_available"
"4","päivitä HTTPS","HTTPS-versio toimii — vaihda osoite, linkki palaa käyttäjille","seniorSurfGuidancePlaces.ts","www.juupajoki.fi","http://www.juupajoki.fi/palvelut/kirjasto","https://www.juupajoki.fi/palvelut/kirjasto","200","https_available"
"4","päivitä HTTPS","HTTPS-versio toimii — vaihda osoite, linkki palaa käyttäjille","seniorSurfGuidancePlaces.ts","www.kajaani.fi","http://www.kajaani.fi/fi/kirjasto","https://www.kajaani.fi/fi/kirjasto","200","https_available"
"4","päivitä HTTPS","HTTPS-versio toimii — vaihda osoite, linkki palaa käyttäjille","seniorSurfGuidancePlaces.ts","www.kumppanuustalokulma.fi","http://www.kumppanuustalokulma.fi/","https://www.kumppanuustalokulma.fi/","200","https_available"
"4","päivitä HTTPS","HTTPS-versio toimii — vaihda osoite, linkki palaa käyttäjille","seniorSurfGuidancePlaces.ts","www.kuusamo.fi","http://www.kuusamo.fi/koe-ja-nae/kirjasto/kirjaston-toimipisteet/paakirjasto","https://www.kuusamo.fi/koe-ja-nae/kirjasto/kirjaston-toimipisteet/paakirjasto","200","https_available"
"4","päivitä HTTPS","HTTPS-versio toimii — vaihda osoite, linkki palaa käyttäjille","seniorSurfGuidancePlaces.ts","www.mantsala.fi","http://www.mantsala.fi/asukkaille/kirjasto","https://www.mantsala.fi/asukkaille/kirjasto","200","https_available"
"4","päivitä HTTPS","HTTPS-versio toimii — vaihda osoite, linkki palaa käyttäjille","seniorSurfGuidancePlaces.ts","www.mynamaki.fi","http://www.mynamaki.fi/kirjasto","https://www.mynamaki.fi/kirjasto","200","https_available"
"4","päivitä HTTPS","HTTPS-versio toimii — vaihda osoite, linkki palaa käyttäjille","seniorSurfGuidancePlaces.ts","www.orivesi.fi","http://www.orivesi.fi/fi/palvelut/kirjasto","https://www.orivesi.fi/fi/palvelut/kirjasto","200","https_available"
"4","päivitä HTTPS","HTTPS-versio toimii — vaihda osoite, linkki palaa käyttäjille","seniorSurfGuidancePlaces.ts","www.oulainen.fi","http://www.oulainen.fi/kirjasto","https://www.oulainen.fi/kirjasto","200","https_available"
"4","päivitä HTTPS","HTTPS-versio toimii — vaihda osoite, linkki palaa käyttäjille","seniorSurfGuidancePlaces.ts","www.paimio.fi","http://www.paimio.fi/kirjasto","https://www.paimio.fi/kirjasto","200","https_available"
"4","päivitä HTTPS","HTTPS-versio toimii — vaihda osoite, linkki palaa käyttäjille","seniorSurfGuidancePlaces.ts","www.riihimaki.fi","http://www.riihimaki.fi/kirjasto/","https://www.riihimaki.fi/kirjasto/","200","https_available"
"4","päivitä HTTPS","HTTPS-versio toimii — vaihda osoite, linkki palaa käyttäjille","seniorSurfGuidancePlaces.ts","www.saarijarvi.fi","http://www.saarijarvi.fi/palvelut/kirjasto","https://www.saarijarvi.fi/palvelut/kirjasto","200","https_available"
"4","päivitä HTTPS","HTTPS-versio toimii — vaihda osoite, linkki palaa käyttäjille","seniorSurfGuidancePlaces.ts","www.salo.fi","http://www.salo.fi/vapaaaikajamatkailu/kirjasto/","https://www.salo.fi/vapaaaikajamatkailu/kirjasto/","200","https_available"
"4","päivitä HTTPS","HTTPS-versio toimii — vaihda osoite, linkki palaa käyttäjille","seniorSurfGuidancePlaces.ts","www.sastamalankylat.fi","http://www.sastamalankylat.fi/vahahaara/","https://www.sastamalankylat.fi/vahahaara/","200","https_available"
"4","päivitä HTTPS","HTTPS-versio toimii — vaihda osoite, linkki palaa käyttäjille","seniorSurfGuidancePlaces.ts","www.satakunnannakovammaiset.fi","http://www.satakunnannakovammaiset.fi/","https://www.satakunnannakovammaiset.fi/","200","https_available"
"4","päivitä HTTPS","HTTPS-versio toimii — vaihda osoite, linkki palaa käyttäjille","seniorSurfGuidancePlaces.ts","www.seniorijelppi.fi","http://www.seniorijelppi.fi/palvelu.html","https://www.seniorijelppi.fi/palvelu.html","200","https_available"
"4","päivitä HTTPS","HTTPS-versio toimii — vaihda osoite, linkki palaa käyttäjille","seniorSurfGuidancePlaces.ts","www.sysma.fi","http://www.sysma.fi/kirjasto","https://www.sysma.fi/kirjasto","200","https_available"
"4","päivitä HTTPS","HTTPS-versio toimii — vaihda osoite, linkki palaa käyttäjille","seniorSurfGuidancePlaces.ts","www.taivassalo.fi","http://www.taivassalo.fi/vapaa-aika/kirjasto","https://www.taivassalo.fi/vapaa-aika/kirjasto","200","https_available"
"4","päivitä HTTPS","HTTPS-versio toimii — vaihda osoite, linkki palaa käyttäjille","seniorSurfGuidancePlaces.ts","www.urjala.fi","http://www.urjala.fi/vapaa-aika-ja-kulttuuri/kirjasto","https://www.urjala.fi/vapaa-aika-ja-kulttuuri/kirjasto","200","https_available"
"4","päivitä HTTPS","HTTPS-versio toimii — vaihda osoite, linkki palaa käyttäjille","seniorSurfGuidancePlaces.ts","www.vantaa.fi","http://www.vantaa.fi/hallinto_ja_talous/tietoa_vantaasta/vantaa-info","https://www.vantaa.fi/hallinto_ja_talous/tietoa_vantaasta/vantaa-info","200","https_available"
"5","poista tai korvaa","Vain http, eikä HTTPS-versiota ole — ei näy käyttäjälle","seniorSurfGuidancePlaces.ts","etela-pohjanmaa.elakeliitto.fi","http://etela-pohjanmaa.elakeliitto.fi/yhdistykset/lapua/toimintakalenteri/","","404","https_required"
"5","poista tai korvaa","Vain http, eikä HTTPS-versiota ole — ei näy käyttäjälle","seniorSurfGuidancePlaces.ts","kirjasto.kaustinen.fi","http://kirjasto.kaustinen.fi/","","","https_required"
"5","poista tai korvaa","Vain http, eikä HTTPS-versiota ole — ei näy käyttäjälle","seniorSurfGuidancePlaces.ts","kirjasto.kustavi.fi","http://kirjasto.kustavi.fi/palvelut.html","","","https_required"
"5","poista tai korvaa","Vain http, eikä HTTPS-versiota ole — ei näy käyttäjälle","seniorSurfGuidancePlaces.ts","kirjasto.lestijarvi.fi","http://kirjasto.lestijarvi.fi/","","","https_required"
"5","poista tai korvaa","Vain http, eikä HTTPS-versiota ole — ei näy käyttäjälle","seniorSurfGuidancePlaces.ts","www.hameenkyro.fi","http://www.hameenkyro.fi/palvelut/elamanlaatu/kirjasto/","","404","https_required"
"5","poista tai korvaa","Vain http, eikä HTTPS-versiota ole — ei näy käyttäjälle","seniorSurfGuidancePlaces.ts","www.kainuunelakelaisetry.fi","http://www.kainuunelakelaisetry.fi/kajaani/","","","https_required"
"5","poista tai korvaa","Vain http, eikä HTTPS-versiota ole — ei näy käyttäjälle","seniorSurfGuidancePlaces.ts","www.lapinlahti.fi","http://www.lapinlahti.fi/fi/Tietoa-kunnasta/Organisaatio/Osastot/Sivistysosasto/Kulttuuri--ja-nuorisopalvelut/Kirjasto","","404","https_required"
"5","poista tai korvaa","Vain http, eikä HTTPS-versiota ole — ei näy käyttäjälle","seniorSurfGuidancePlaces.ts","www.lemi.fi","http://www.lemi.fi/fi/palvelut/kirjasto","","404","https_required"
"5","poista tai korvaa","Vain http, eikä HTTPS-versiota ole — ei näy käyttäjälle","seniorSurfGuidancePlaces.ts","www.lounakirjastot.fi","http://www.lounakirjastot.fi/kirjastot/forssa/","","","https_required"
"5","poista tai korvaa","Vain http, eikä HTTPS-versiota ole — ei näy käyttäjälle","seniorSurfGuidancePlaces.ts","www.lounakirjastot.fi","http://www.lounakirjastot.fi/kirjastot/jokioinen/","","","https_required"
"5","poista tai korvaa","Vain http, eikä HTTPS-versiota ole — ei näy käyttäjälle","seniorSurfGuidancePlaces.ts","www.lounakirjastot.fi","http://www.lounakirjastot.fi/kirjastot/tammela/","","","https_required"
"5","poista tai korvaa","Vain http, eikä HTTPS-versiota ole — ei näy käyttäjälle","seniorSurfGuidancePlaces.ts","www.nivala.fi","http://www.nivala.fi/palvelukanava/de4ed45c-b0e6-41ac-8d9d-108dc7938017","","404","https_required"
"5","poista tai korvaa","Vain http, eikä HTTPS-versiota ole — ei näy käyttäjälle","seniorSurfGuidancePlaces.ts","www.padasjoki.fi","http://www.padasjoki.fi/fi/Palvelut/Kirjasto,-kulttuuri-ja-kansalaisopisto/Kirjasto","","404","https_required"
"5","poista tai korvaa","Vain http, eikä HTTPS-versiota ole — ei näy käyttäjälle","seniorSurfGuidancePlaces.ts","www.parainen.fi","http://www.parainen.fi/web/tjanster/fi_FI/servicepunkten/","","404","https_required"
"5","poista tai korvaa","Vain http, eikä HTTPS-versiota ole — ei näy käyttäjälle","seniorSurfGuidancePlaces.ts","www.rautjarvi.fi","http://www.rautjarvi.fi/fi/Palvelut/Sivistys,-nuoriso-ja-liikunta/Kirjasto/Aukioloajat","","404","https_required"
"5","poista tai korvaa","Vain http, eikä HTTPS-versiota ole — ei näy käyttäjälle","seniorSurfGuidancePlaces.ts","www.sauvo.fi","http://www.sauvo.fi/fi/palvelut/alisivu-4/sauvon-kirjasto/","","404","https_required"
"5","poista tai korvaa","Vain http, eikä HTTPS-versiota ole — ei näy käyttäjälle","seniorSurfGuidancePlaces.ts","www.suomussalmi.fi","http://www.suomussalmi.fi/kirjasto","","404","https_required"
"6","päivitä ohjaus","Ohjautuu toiseen verkkotunnukseen — päivitä suoraksi","communityLinks.ts","Aboa Vetus & Ars Nova","https://www.aboavetusarsnova.fi/","https://avan.fi/","200",""
"6","päivitä ohjaus","Ohjautuu toiseen verkkotunnukseen — päivitä suoraksi","communityLinks.ts","Suomen Hemofiliayhdistys","https://www.hemofilia.fi/","https://verenvuotosairaudet.fi/","200",""
"6","päivitä ohjaus","Ohjautuu toiseen verkkotunnukseen — päivitä suoraksi","communityLinks.ts","Immuunipuutospotilaiden yhdistys Imppu","https://www.imppu.fi/","https://immuunipuutospotilaidenyhdistys.fi/","200",""
"6","päivitä ohjaus","Ohjautuu toiseen verkkotunnukseen — päivitä suoraksi","communityLinks.ts","Suomen kello- ja korumuseo","https://www.kellomuseo.fi/","https://www.museokruunu.fi/","200",""
"6","päivitä ohjaus","Ohjautuu toiseen verkkotunnukseen — päivitä suoraksi","communityLinks.ts","Luonnontieteellinen keskusmuseo LUOMUS","https://www.luomus.fi/","https://www.helsinki.fi/fi/luomus","206",""
"6","päivitä ohjaus","Ohjautuu toiseen verkkotunnukseen — päivitä suoraksi","communityLinks.ts","Suomen merimuseo","https://www.merimuseo.fi/","https://www.kansallismuseo.fi/fi/suomenmerimuseo","200",""
"6","päivitä ohjaus","Ohjautuu toiseen verkkotunnukseen — päivitä suoraksi","communityLinks.ts","Arkkitehtuurimuseo","https://www.mfa.fi/","https://admuseo.fi/","200",""
"6","päivitä ohjaus","Ohjautuu toiseen verkkotunnukseen — päivitä suoraksi","communityLinks.ts","Suomen Noonan-yhdistys","https://www.noonan.fi/","https://www.noonansuomi.net/","200",""
"6","päivitä ohjaus","Ohjautuu toiseen verkkotunnukseen — päivitä suoraksi","communityLinks.ts","Oulun taidemuseo","https://www.ouka.fi/taidemuseo","https://ouluntaidemuseo.fi/","200",""
"6","päivitä ohjaus","Ohjautuu toiseen verkkotunnukseen — päivitä suoraksi","communityLinks.ts","Suomen pelimuseo","https://www.pelimuseo.fi/","https://www.vapriikki.fi/nayttelyt/suomen-pelimuseo-nayttelyt/","200",""
"6","päivitä ohjaus","Ohjautuu toiseen verkkotunnukseen — päivitä suoraksi","communityLinks.ts","Sydänlapset ja -aikuiset","https://www.sydanlapset.fi/","https://sydanlapsetjaaikuiset.fi/","200",""
"6","päivitä ohjaus","Ohjautuu toiseen verkkotunnukseen — päivitä suoraksi","communityLinks.ts","Suomen urheilumuseo","https://www.urheilumuseo.fi/","https://tahto.com/","200",""
"6","päivitä ohjaus","Ohjautuu toiseen verkkotunnukseen — päivitä suoraksi","communityLinks.ts","Vantaan Muistiyhdistys ry","https://www.vantaanmuisti.fi/fi/etusivu","https://muistiliitto.fi/muistiyhdistykset/vantaan-muistiyhdistys-ry/etusivu-vantaa/","200",""
"6","päivitä ohjaus","Ohjautuu toiseen verkkotunnukseen — päivitä suoraksi","communityLinks.ts","Suomen työväenmuseo Werstas","https://www.werstas.fi/","https://www.tyovaenmuseo.fi/","200",""
"6","päivitä ohjaus","Ohjautuu toiseen verkkotunnukseen — päivitä suoraksi","constants.tsx","X (Twitter)","https://twitter.com/","https://x.com/","200",""
"6","päivitä ohjaus","Ohjautuu toiseen verkkotunnukseen — päivitä suoraksi","constants.tsx","Google","https://www.google.fi/","https://www.google.com/","200",""
"6","päivitä ohjaus","Ohjautuu toiseen verkkotunnukseen — päivitä suoraksi","localNewspaperLinks.ts","www.karkkilantienoo.fi","https://www.karkkilantienoo.fi/","https://www.karkkilalainen.fi/","206",""
"6","päivitä ohjaus","Ohjautuu toiseen verkkotunnukseen — päivitä suoraksi","localServices.ts","kainuunhyvinvointialue.fi","https://kainuunhyvinvointialue.fi/","https://hyvinvointialue.kainuu.fi/","206",""
"6","päivitä ohjaus","Ohjautuu toiseen verkkotunnukseen — päivitä suoraksi","localServices.ts","sata.fi","https://sata.fi/","https://satakunnanhyvinvointialue.fi/","200",""
"6","päivitä ohjaus","Ohjautuu toiseen verkkotunnukseen — päivitä suoraksi","localServices.ts","sata.fi","https://sata.fi/ajankohtaista/","https://satakunnanhyvinvointialue.fi/ajankohtaista/","200",""
"6","päivitä ohjaus","Ohjautuu toiseen verkkotunnukseen — päivitä suoraksi","localServices.ts","Helmet-kirjastot","https://www.helmet.fi/","https://helmet.finna.fi/","206",""
"6","päivitä ohjaus","Ohjautuu toiseen verkkotunnukseen — päivitä suoraksi","localServices.ts","Oulun joukkoliikenne","https://www.oulunjoukkoliikenne.fi/","https://www.osl.fi/","200",""
"6","päivitä ohjaus","Ohjautuu toiseen verkkotunnukseen — päivitä suoraksi","localSportsClubs.ts","Esport Oilers","https://www.esportoilers.fi/","https://oilers.fi/","200",""
"6","päivitä ohjaus","Ohjautuu toiseen verkkotunnukseen — päivitä suoraksi","municipalityWebsiteLocales.ts","www.tyrnava.fi","https://www.tyrnava.fi/en/home.html","https://account.lianacloud.com/?iss=https%3A%2F%2Fauth.lianacloud.com%2F","206",""
"6","päivitä ohjaus","Ohjautuu toiseen verkkotunnukseen — päivitä suoraksi","seniorSurfGuidancePlaces.ts","outlook.office365.com","https://outlook.office365.com/owa/calendar/Vantaaaikuisopisto@eduvantaa.onmicrosoft.com/bookings/","https://bookings.cloud.microsoft/book/Vantaaaikuisopisto@eduvantaa.onmicrosoft.com/","200",""
"6","päivitä ohjaus","Ohjautuu toiseen verkkotunnukseen — päivitä suoraksi","seniorSurfGuidancePlaces.ts","www.helmet.fi","https://www.helmet.fi/fi-FI/Kirjastot_ja_palvelut/Entressen_kirjasto","https://helmet.finna.fi/OrganisationInfo/Home","206",""
"6","päivitä ohjaus","Ohjautuu toiseen verkkotunnukseen — päivitä suoraksi","seniorSurfGuidancePlaces.ts","www.helmet.fi","https://www.helmet.fi/fi-FI/Kirjastot_ja_palvelut/Haukilahden_kirjasto","https://helmet.finna.fi/OrganisationInfo/Home","206",""
"6","päivitä ohjaus","Ohjautuu toiseen verkkotunnukseen — päivitä suoraksi","seniorSurfGuidancePlaces.ts","www.helmet.fi","https://www.helmet.fi/fi-FI/Kirjastot_ja_palvelut/Ison_Omenan_kirjasto","https://helmet.finna.fi/OrganisationInfo/Home","206",""
"6","päivitä ohjaus","Ohjautuu toiseen verkkotunnukseen — päivitä suoraksi","seniorSurfGuidancePlaces.ts","www.helmet.fi","https://www.helmet.fi/fi-FI/Kirjastot_ja_palvelut/Kalajarven_kirjasto","https://helmet.finna.fi/OrganisationInfo/Home","206",""
"6","päivitä ohjaus","Ohjautuu toiseen verkkotunnukseen — päivitä suoraksi","seniorSurfGuidancePlaces.ts","www.helmet.fi","https://www.helmet.fi/fi-FI/Kirjastot_ja_palvelut/Karhusuon_kirjasto","https://helmet.finna.fi/OrganisationInfo/Home","206",""
"6","päivitä ohjaus","Ohjautuu toiseen verkkotunnukseen — päivitä suoraksi","seniorSurfGuidancePlaces.ts","www.helmet.fi","https://www.helmet.fi/fi-FI/Kirjastot_ja_palvelut/Kauklahden_kirjasto","https://helmet.finna.fi/OrganisationInfo/Home","206",""
"6","päivitä ohjaus","Ohjautuu toiseen verkkotunnukseen — päivitä suoraksi","seniorSurfGuidancePlaces.ts","www.helmet.fi","https://www.helmet.fi/fi-FI/Kirjastot_ja_palvelut/Kauniaisten_kirjasto","https://helmet.finna.fi/OrganisationInfo/Home","206",""
"6","päivitä ohjaus","Ohjautuu toiseen verkkotunnukseen — päivitä suoraksi","seniorSurfGuidancePlaces.ts","www.helmet.fi","https://www.helmet.fi/fi-FI/Kirjastot_ja_palvelut/Laajalahden_kirjasto","https://helmet.finna.fi/OrganisationInfo/Home","206",""
"6","päivitä ohjaus","Ohjautuu toiseen verkkotunnukseen — päivitä suoraksi","seniorSurfGuidancePlaces.ts","www.helmet.fi","https://www.helmet.fi/fi-FI/Kirjastot_ja_palvelut/Laaksolahden_kirjasto","https://helmet.finna.fi/OrganisationInfo/Home","206",""
"6","päivitä ohjaus","Ohjautuu toiseen verkkotunnukseen — päivitä suoraksi","seniorSurfGuidancePlaces.ts","www.helmet.fi","https://www.helmet.fi/fi-FI/Kirjastot_ja_palvelut/Lippulaivan_kirjasto","https://helmet.finna.fi/OrganisationInfo/Home","206",""
"6","päivitä ohjaus","Ohjautuu toiseen verkkotunnukseen — päivitä suoraksi","seniorSurfGuidancePlaces.ts","www.helmet.fi","https://www.helmet.fi/fi-FI/Kirjastot_ja_palvelut/Noykkion_kirjasto","https://helmet.finna.fi/OrganisationInfo/Home","206",""
"6","päivitä ohjaus","Ohjautuu toiseen verkkotunnukseen — päivitä suoraksi","seniorSurfGuidancePlaces.ts","www.helmet.fi","https://www.helmet.fi/fi-FI/Kirjastot_ja_palvelut/Saunalahden_kirjasto","https://helmet.finna.fi/OrganisationInfo/Home","206",""
"6","päivitä ohjaus","Ohjautuu toiseen verkkotunnukseen — päivitä suoraksi","seniorSurfGuidancePlaces.ts","www.helmet.fi","https://www.helmet.fi/fi-FI/Kirjastot_ja_palvelut/Sellon_kirjasto","https://helmet.finna.fi/OrganisationInfo/Home","206",""
"6","päivitä ohjaus","Ohjautuu toiseen verkkotunnukseen — päivitä suoraksi","seniorSurfGuidancePlaces.ts","www.helmet.fi","https://www.helmet.fi/fi-FI/Kirjastot_ja_palvelut/Tapiolan_kirjasto","https://helmet.finna.fi/OrganisationInfo/Home","206",""
"6","päivitä ohjaus","Ohjautuu toiseen verkkotunnukseen — päivitä suoraksi","seniorSurfGuidancePlaces.ts","www.helmet.fi","https://www.helmet.fi/fi-FI/Kirjastot_ja_palvelut/Tikkurilan_kirjasto/Tapahtumat","https://helmet.finna.fi/OrganisationInfo/Home","206",""
"6","päivitä ohjaus","Ohjautuu toiseen verkkotunnukseen — päivitä suoraksi","seniorSurfGuidancePlaces.ts","www.helmet.fi","https://www.helmet.fi/fi-FI/Kirjastot_ja_palvelut/Tikkurilan_kirjasto/Tapahtumat?s=pilviagentti*","https://helmet.finna.fi/OrganisationInfo/Home","206",""
"6","päivitä ohjaus","Ohjautuu toiseen verkkotunnukseen — päivitä suoraksi","seniorSurfGuidancePlaces.ts","www.helmet.fi","https://www.helmet.fi/fi-FI/Kirjastot_ja_palvelut/Viherlaakson_kirjasto","https://helmet.finna.fi/OrganisationInfo/Home","206",""
"6","päivitä ohjaus","Ohjautuu toiseen verkkotunnukseen — päivitä suoraksi","seniorSurfGuidancePlaces.ts","www.maunula.net","https://www.maunula.net/maunula-seura/asukastila-maunulan-mediapaja/","https://kaupunginosat.fi/maunula/","200",""
"7","tarkista käsin","Tekninen virhe: etimedout","communityLinks.ts","Suomen Angelman-yhdistys","https://www.angelman.fi/","","","etimedout"
"7","tarkista käsin","Tekninen virhe: und_err_connect_timeout","communityLinks.ts","Designmuseo","https://www.designmuseo.fi/","","","und_err_connect_timeout"
"7","tarkista käsin","Tekninen virhe: econnreset","communityLinks.ts","Suomen fruktoosi-intolerantikot (HFI)","https://www.hfi.fi/","","","econnreset"
"7","tarkista käsin","Tekninen virhe: err_tls_cert_altname_invalid","communityLinks.ts","Suomen Ehlers-Danlos yhdistys (SEDY)","https://www.sedy.fi/","","","err_tls_cert_altname_invalid"
"7","tarkista käsin","Tekninen virhe: server_error","constants.tsx","Ryhmäteatteri","https://ryhmateatteri.fi/","","502","server_error"
"7","tarkista käsin","Tekninen virhe: timeout","constants.tsx","Lippu.fi","https://www.lippu.fi/","","","timeout"
"7","tarkista käsin","Tekninen virhe: etimedout","constants.tsx","Luontoon.fi","https://www.luontoon.fi/","","","etimedout"
"7","tarkista käsin","Tekninen virhe: etimedout","constants.tsx","Ortodoksinen kirkko","https://www.ort.fi/","","","etimedout"
"7","tarkista käsin","Tekninen virhe: etimedout","constants.tsx","Tjäreborg","https://www.tjareborg.fi/","","","etimedout"
"7","tarkista käsin","Tekninen virhe: etimedout","constants.tsx","Zodiak – Uuden tanssin keskus","https://www.zodiak.fi/","","","etimedout"
"7","tarkista käsin","Tekninen virhe: etimedout","localServices.ts","Härmän Liikenne reittiliikenne","https://harmanliikenne.fi/reittiliikenne/","","","etimedout"
"7","tarkista käsin","Tekninen virhe: unable_to_verify_leaf_signature","localServices.ts","PIKI-kirjastot","https://piki.fi/","","","unable_to_verify_leaf_signature"
"7","tarkista käsin","Tekninen virhe: etimedout","localServiceTransportLinks.ts","Parkano palveluliikenne","https://parkano.fi/palveluliikenne/","","","etimedout"
"7","tarkista käsin","Tekninen virhe: etimedout","localSportsClubs.ts","Porin Ässät","https://assat.com/","","","etimedout"
"7","tarkista käsin","Tekninen virhe: unable_to_verify_leaf_signature","municipalityWebsites.ts","marttila.fi","https://marttila.fi/","","","unable_to_verify_leaf_signature"
"7","tarkista käsin","Tekninen virhe: etimedout","seniorSurfGuidancePlaces.ts","etelasavonha.fi","https://etelasavonha.fi/asiointikanavat/monitoimijakeskus-omatori/","","","etimedout"
"8","tarkista käsin","Sisältöhuomio: empty_page","constants.tsx","Huawei AppGallery","https://appgallery.huawei.com/","","206",""
"8","tarkista käsin","Sisältöhuomio: empty_page","constants.tsx","Retkipaikka","https://retkipaikka.fi/","","200",""
"8","tarkista käsin","Sisältöhuomio: empty_page","constants.tsx","WhatsApp Web","https://web.whatsapp.com/","","200",""
"8","tarkista käsin","Sisältöhuomio: empty_page","constants.tsx","Tulospalvelu.fi","https://www.tulospalvelu.fi/","","206",""
"8","tarkista käsin","Sisältöhuomio: empty_page","localExerciseLinks.ts","www.kuhmoinen.fi","https://www.kuhmoinen.fi/tapahtumat/Liikuntatapahtumat/198%20-%20Tuolijumppa","","200",""
"8","tarkista käsin","Sisältöhuomio: empty_page","localNewspaperLinks.ts","www.tervareitti.fi","https://www.tervareitti.fi/","","206",""
"8","tarkista käsin","Sisältöhuomio: empty_page","localServices.ts","Utsjoen yhteydet","https://exploreutsjoki.fi/yhteydet/","","200",""
"8","tarkista käsin","Sisältöhuomio: empty_page","localServices.ts","Kuhmoisten julkinen liikenne","https://www.kuhmoinen.fi/asuminen%20ja%20ymp%C3%A4rist%C3%B6/kadut%20ja%20liikenne/julkinen%20liikenne/","","200",""
"8","tarkista käsin","Sisältöhuomio: empty_page","localServices.ts","Liikenne Rundgren reitit","https://www.rundgrenoy.fi/","","200",""
"8","tarkista käsin","Sisältöhuomio: empty_page","localSportsClubs.ts","PK Keski-Uusimaa","https://pkku.fi/","","200",""
"8","tarkista käsin","Sisältöhuomio: empty_page","municipalityWebsites.ts","www.kuhmoinen.fi","https://www.kuhmoinen.fi/","","200",""
"8","tarkista käsin","Sisältöhuomio: empty_page","seniorSurfGuidancePlaces.ts","www.kuhmoinen.fi","https://www.kuhmoinen.fi/content/fi/1/373161/Digiopastus.html","","200",""
"8","tarkista käsin","Sisältöhuomio: empty_page","seniorSurfGuidancePlaces.ts","www.vanhustenturva.fi","https://www.vanhustenturva.fi/toimintamme","","200",""
