"Päivitetty","Osio","Kategoria","Nimi","URL","Lähde","Riskipisteet","Suositus","Alkuperäinen domain","Lopullinen domain","Domain vaihtui","RDAP-signaali","Sisältösignaali","Sivun otsikko","Manuaalinen tila","Luottamustaso","Huomiot"
"26.7.2026 klo 11.37","Lehdet","Suomalaiset paikallislehdet","Lakeuden Lehti","http://www.maakuntalehdet.fi/lakeudenl_media.htm","localNewspaperLinks.ts","190","piilota","maakuntalehdet.fi","maakuntalehdet.fi","ei","RDAP 429","ei tarkistettu","","","","Ei HTTPS-yhteyttä; DNS ei ratkennut: ENOTFOUND; fetch failed; Ei HTTPS-yhteyttä; Turvallisuushuomio; HTTP-tarkistus epäonnistui; Lopullinen osoite ei käytä HTTPS-yhteyttä"
"26.7.2026 klo 11.37","Lehdet","Suomalaiset paikallislehdet","Maaselkä (lehti)","http://www.maaselkalehti.fi","localNewspaperLinks.ts","190","piilota","maaselkalehti.fi","maaselkalehti.fi","ei","RDAP 429","ei tarkistettu","","","","Ei HTTPS-yhteyttä; DNS ei ratkennut: ENOTFOUND; fetch failed; Ei HTTPS-yhteyttä; Turvallisuushuomio; HTTP-tarkistus epäonnistui; Lopullinen osoite ei käytä HTTPS-yhteyttä"
"26.7.2026 klo 11.37","Lehdet","Suomalaiset paikallislehdet","Ylä-Karjala (lehti)","http://www.ylakarjala.com","localNewspaperLinks.ts","190","piilota","ylakarjala.com","ylakarjala.com","ei","RDAP 429","ei tarkistettu","","","","Ei HTTPS-yhteyttä; DNS ei ratkennut: EAI_AGAIN; fetch failed; Ei HTTPS-yhteyttä; Turvallisuushuomio; HTTP-tarkistus epäonnistui; Lopullinen osoite ei käytä HTTPS-yhteyttä"
"26.7.2026 klo 11.37","Lehdet","Suomalaiset paikallislehdet","Kylänraitti","http://www.veikkola.net","localNewspaperLinks.ts","155","piilota","veikkola.net","vistaprint.com","kyllä","RDAP 429","huomio","Webs.com has been shut down: Find out more","","","Ei HTTPS-yhteyttä; Sivu vaikuttaa parkkisivulta tai myytävältä domainilta; Sivun otsikko tai sisältö ei selvästi vastaa linkin nimeä; Ei HTTPS-yhteyttä; Turvallisuushuomio; Domain vaihtui: veikkola.net -> vistaprint.com; Sisältötarkistus vaatii huomiota"
"26.7.2026 klo 11.37","Lehdet","Suomalaiset paikallislehdet","Ykkössanomat","http://www.ykkossanomat.fi/","localNewspaperLinks.ts","145","piilota","ykkossanomat.fi","ykkossanomat.fi","ei","Nokian autopesu","huomio","test — Ravintola EstsetARDEQssa","","","Ei HTTPS-yhteyttä; Sivun otsikko tai sisältö ei selvästi vastaa linkin nimeä; Ei HTTPS-yhteyttä; Turvallisuushuomio; Lopullinen osoite ei käytä HTTPS-yhteyttä; Sisältötarkistus vaatii huomiota"
"26.7.2026 klo 11.37","Lehdet","Suomalaiset paikallislehdet","Somero (lehti)","http://www.somerolehti.fi/uutiset/index.html","localNewspaperLinks.ts","140","piilota","somerolehti.fi","somerolehti.fi","ei","RDAP 429","ei tarkistettu","","","","Ei HTTPS-yhteyttä; HTTP 404; Ei HTTPS-yhteyttä; Turvallisuushuomio; HTTP 404"
"26.7.2026 klo 11.37","Lehdet","Suomalaiset paikallislehdet","Tyrvään Sanomat","http://www.tyrvaansanomat.fi/Etusivu","localNewspaperLinks.ts","140","piilota","tyrvaansanomat.fi","tyrvaansanomat.fi","ei","Sanoma Media Finland Oy","ei tarkistettu","","","","Ei HTTPS-yhteyttä; HTTP 404; Ei HTTPS-yhteyttä; Turvallisuushuomio; HTTP 404"
"26.7.2026 klo 11.37","Lehdet","Suomalaiset paikallislehdet","Elimäen Sanomat","http://www.elimaensanomat.fi/index.html","localNewspaperLinks.ts","120","piilota","elimaensanomat.fi","futisfani.com","kyllä","BlueStream OU","ok","Jalkapallo - Futisfani.com","","","Ei HTTPS-yhteyttä; Ei HTTPS-yhteyttä; Turvallisuushuomio; Domain vaihtui: elimaensanomat.fi -> futisfani.com"
"26.7.2026 klo 11.37","Lehdet","Suomalaiset paikallislehdet","Komiat","http://www.komiatlehti.fi/","localNewspaperLinks.ts","120","piilota","komiatlehti.fi","komiat.fi","kyllä","RDAP 429","ok","Etusivu | Komiat","","","Ei HTTPS-yhteyttä; Ei HTTPS-yhteyttä; Turvallisuushuomio; Domain vaihtui: komiatlehti.fi -> komiat.fi"
"26.7.2026 klo 11.37","Lehdet","Suomalaiset paikallislehdet","Loviisan Sanomat","http://www.loviisansanomat.net/","localNewspaperLinks.ts","120","piilota","loviisansanomat.net","loviisansanomat.fi","kyllä","Ascio Technologies, Inc. Danmark - Filial af Ascio technologies, Inc. USA","ok","Etusivu | Loviisan Sanomat","","","Ei HTTPS-yhteyttä; Ei HTTPS-yhteyttä; Turvallisuushuomio; Domain vaihtui: loviisansanomat.net -> loviisansanomat.fi"
"26.7.2026 klo 11.37","Lehdet","Suomalaiset paikallislehdet","Siikajokilaakso (sanomalehti)","http://www.siikkis.fi","localNewspaperLinks.ts","120","piilota","siikkis.fi","siikajokilaakso.fi","kyllä","RDAP 429","ok","Etusivu | Siikajokilaakso","","","Ei HTTPS-yhteyttä; Ei HTTPS-yhteyttä; Turvallisuushuomio; Domain vaihtui: siikkis.fi -> siikajokilaakso.fi"
"26.7.2026 klo 11.37","Lehdet","Suomalaiset paikallislehdet","Jaakkiman Sanomat","http://jaakkimansanomat.fi","localNewspaperLinks.ts","110","piilota","jaakkimansanomat.fi","jaakkimansanomat.fi","ei","RDAP 429","ok","&#8211; Jaakkiman Sanomat","","","Ei HTTPS-yhteyttä; Ei HTTPS-yhteyttä; Turvallisuushuomio; Lopullinen osoite ei käytä HTTPS-yhteyttä"
"26.7.2026 klo 11.37","Lehdet","Suomalaiset paikallislehdet","Kokemäkeläinen","http://kokemakelainen.net/","localNewspaperLinks.ts","110","piilota","kokemakelainen.net","kokemakelainen.net","ei","RDAP 429","ok","Kokemäkeläinen &#187; Paikallislehti","","","Ei HTTPS-yhteyttä; Ei HTTPS-yhteyttä; Turvallisuushuomio; Lopullinen osoite ei käytä HTTPS-yhteyttä"
"26.7.2026 klo 11.37","Lehdet","Suomalaiset paikallislehdet","Lakeuden portti","http://www.lakeudenportti.com/","localNewspaperLinks.ts","110","piilota","lakeudenportti.com","lakeudenportti.com","ei","RDAP 429","ok","Lakeudenportti","","","Ei HTTPS-yhteyttä; Ei HTTPS-yhteyttä; Turvallisuushuomio; Lopullinen osoite ei käytä HTTPS-yhteyttä"
"26.7.2026 klo 11.37","Lehdet","Suomalaiset paikallislehdet","Pohjois-Satakunta","http://www.pohjoissatakuntalehti.fi","localNewspaperLinks.ts","110","piilota","pohjoissatakuntalehti.fi","pohjoissatakuntalehti.fi","ei","RDAP 429","ok","POHJOISSATAKUNTALEHTI.FI<br><br>This domain name is not available for registration","","","Ei HTTPS-yhteyttä; Ei HTTPS-yhteyttä; Turvallisuushuomio; Lopullinen osoite ei käytä HTTPS-yhteyttä"
"26.7.2026 klo 11.37","Lehdet","Suomalaiset paikallislehdet","Topikki","https://topikki.fi/","localNewspaperLinks.ts","110","piilota","topikki.fi","topikki.fi","ei","RDAP 429","ei tarkistettu","","","","DNS ei ratkennut: ENOTFOUND; fetch failed; Turvallisuushuomio; HTTP-tarkistus epäonnistui"
"26.7.2026 klo 11.37","Palvelukategoriat","Oikeus","Kuluttajaneuvonta","https://www.kuluttajaneuvonta.fi","constants.tsx","110","piilota","kuluttajaneuvonta.fi","kkv.fi","kyllä","RDAP 429","ei tarkistettu","","","","HTTP 500; HTTP 500; Domain vaihtui: kuluttajaneuvonta.fi -> kkv.fi"
"26.7.2026 klo 11.37","Uutisvirrat","Kokemäki","Kokemäkeläinen","http://kokemakelainen.net/feed/","localNewspaperFeeds.ts","110","piilota","kokemakelainen.net","kokemakelainen.net","ei","RDAP 429","ok","Kokemäkeläinen","","","Ei HTTPS-yhteyttä; Ei HTTPS-yhteyttä; Turvallisuushuomio; Lopullinen osoite ei käytä HTTPS-yhteyttä"
"26.7.2026 klo 11.37","Lehdet","Suomalaiset paikallislehdet","Kunnallislehti Paimio-Sauvo-Kaarina","http://www.kuntsari.fi/","localNewspaperLinks.ts","105","piilota","kuntsari.fi","kuntsari.fi","ei","Peimarin Kustannus Oy","huomio","Kuntsari | kaikki Turun ja Salon välistä","","","Ei HTTPS-yhteyttä; Sivun otsikko tai sisältö ei selvästi vastaa linkin nimeä; Ei HTTPS-yhteyttä; Turvallisuushuomio; Sisältötarkistus vaatii huomiota"
"26.7.2026 klo 11.37","Lehdet","Suomalaiset paikallislehdet","Teisko-Aitolahti","http://www.ruovesi-lehti.fi/","localNewspaperLinks.ts","105","piilota","ruovesi-lehti.fi","ruovesi-lehti.fi","ei","RDAP 429","huomio","Etusivu - Ruovesi-lehti","","","Ei HTTPS-yhteyttä; Sivun otsikko tai sisältö ei selvästi vastaa linkin nimeä; Ei HTTPS-yhteyttä; Turvallisuushuomio; Sisältötarkistus vaatii huomiota"
"26.7.2026 klo 11.37","Kuntien kieliversiot","en","tyrnävä (en)","https://www.tyrnava.fi/en/home.html","municipalityWebsiteLocales.ts","85","piilota","tyrnava.fi","lianacloud.com","kyllä","RDAP 429","huomio","LianaAccount","","","Sivun otsikko tai sisältö ei selvästi vastaa linkin nimeä; Domain vaihtui: tyrnava.fi -> lianacloud.com; Sisältötarkistus vaatii huomiota"
"26.7.2026 klo 11.37","Lehdet","Suomalaiset paikallislehdet","Karkkilan Tienoo","https://www.karkkilantienoo.fi/","localNewspaperLinks.ts","85","piilota","karkkilantienoo.fi","karkkilalainen.fi","kyllä","RDAP 429","huomio","Etusivu | Karkkilalainen","","","Sivun otsikko tai sisältö ei selvästi vastaa linkin nimeä; Domain vaihtui: karkkilantienoo.fi -> karkkilalainen.fi; Sisältötarkistus vaatii huomiota"
"26.7.2026 klo 11.37","Palvelukategoriat","Tekniikka","Mikrobitti","https://www.mikrobitti.fi","constants.tsx","85","piilota","mikrobitti.fi","iltalehti.fi","kyllä","RDAP 429","huomio","Bitti | Iltalehti","","","Sivun otsikko tai sisältö ei selvästi vastaa linkin nimeä; Domain vaihtui: mikrobitti.fi -> iltalehti.fi; Sisältötarkistus vaatii huomiota"
"26.7.2026 klo 11.37","Palvelukategoriat","Sosiaalinen media","X (Twitter)","https://www.x.com","constants.tsx","85","piilota","x.com","twitter.com","kyllä","RDAP 429","huomio","X. It’s what’s happening / X","","","Sivun otsikko tai sisältö ei selvästi vastaa linkin nimeä; Domain vaihtui: x.com -> twitter.com; Sisältötarkistus vaatii huomiota"
"26.7.2026 klo 11.37","Kuntien verkkosivut","Kunta","marttila","https://marttila.fi/","municipalityWebsites.ts","80","piilota","marttila.fi","marttila.fi","ei","RDAP 429","ei tarkistettu","","","","fetch failed; HTTP-tarkistus epäonnistui"
"26.7.2026 klo 11.37","Kuntien verkkosivut","Kunta","toholampi","https://www.toholampi.fi/","municipalityWebsites.ts","80","piilota","toholampi.fi","toholampi.fi","ei","RDAP 429","ei tarkistettu","","","","Tarkistus aikakatkaistiin; HTTP-tarkistus epäonnistui"
"26.7.2026 klo 11.37","Kuntien verkkosivut","Kunta","varkaus","https://varkaus.fi/","municipalityWebsites.ts","80","piilota","varkaus.fi","varkaus.fi","ei","RDAP 429","ei tarkistettu","","","","Tarkistus aikakatkaistiin; HTTP-tarkistus epäonnistui"
"26.7.2026 klo 11.37","Kuntien verkkosivut","Kunta","vehmaa","https://www.vehmaa.fi/","municipalityWebsites.ts","80","piilota","vehmaa.fi","vehmaa.fi","ei","RDAP 429","ei tarkistettu","","","","Tarkistus aikakatkaistiin; HTTP-tarkistus epäonnistui"
"26.7.2026 klo 11.37","Kuntien verkkosivut","Kunta","ylitornio","https://ylitornio.fi/","municipalityWebsites.ts","80","piilota","ylitornio.fi","ylitornio.fi","ei","RDAP 429","ei tarkistettu","","","","Tarkistus aikakatkaistiin; HTTP-tarkistus epäonnistui"
"26.7.2026 klo 11.37","Paikalliset erikoislinkit","Julkinen liikenne","Haapaveden linja-autoyhteydet","https://haapavesi.fi/linja-autoyhteydet","localServices.ts","80","piilota","haapavesi.fi","haapavesi.fi","ei","RDAP 429","ei tarkistettu","","","","fetch failed; HTTP-tarkistus epäonnistui"
"26.7.2026 klo 11.37","Paikalliset erikoislinkit","Julkinen liikenne","Teuvan liikenne","https://site.teuva.fi/e/site?node_id=81","localServices.ts","80","piilota","teuva.fi","teuva.fi","ei","RDAP 429","ei tarkistettu","","","","fetch failed; HTTP-tarkistus epäonnistui"
"26.7.2026 klo 11.37","Paikalliset urheiluseurat","Oulu","Oulun Pyrintö","https://oulunpyrinto.fi/","localSportsClubs.ts","80","piilota","oulunpyrinto.fi","oulunpyrinto.fi","ei","Oulun Pyrintö ry","ei tarkistettu","","","","Tarkistus aikakatkaistiin; HTTP-tarkistus epäonnistui"
"26.7.2026 klo 11.37","Palvelukategoriat","Kielet","DeepL kääntäjä","https://www.deepl.com","constants.tsx","80","piilota","deepl.com","deepl.com","ei","RDAP 429","ei tarkistettu","","","","Tarkistus aikakatkaistiin; HTTP-tarkistus epäonnistui"
"26.7.2026 klo 11.37","Palvelukategoriat","Hengellisyys","Helsingin juutalainen seurakunta","https://jchelsinki.fi/","constants.tsx","80","piilota","jchelsinki.fi","jchelsinki.fi","ei","Hostingpalvelu","ei tarkistettu","","","","Tarkistus aikakatkaistiin; HTTP-tarkistus epäonnistui"
"26.7.2026 klo 11.37","Palvelukategoriat","Sukututkimus","Kansallisarkisto","https://arkisto.fi","constants.tsx","80","piilota","arkisto.fi","kansallisarkisto.fi","kyllä","Kansallisarkisto","ei tarkistettu","","","","HTTP 429; HTTP 429; Domain vaihtui: arkisto.fi -> kansallisarkisto.fi"
"26.7.2026 klo 11.37","Palvelukategoriat","Julkiset palvelut","Poliisi","https://poliisi.fi","constants.tsx","80","piilota","poliisi.fi","poliisi.fi","ei","RDAP 429","ei tarkistettu","","","","Tarkistus aikakatkaistiin; HTTP-tarkistus epäonnistui"
"26.7.2026 klo 11.37","Palvelukategoriat","Apua digiin","SeniorSurf - Opastuspaikat","https://seniorsurf.fi/opastuspaikat/","constants.tsx","80","piilota","seniorsurf.fi","seniorsurf.fi","ei","RDAP 429","ei tarkistettu","","","","Tarkistus aikakatkaistiin; HTTP-tarkistus epäonnistui"
"26.7.2026 klo 11.37","Palvelukategoriat","Liikenne","V-S Bussipalvelut","https://www.linjaliikennenyholm.fi/","constants.tsx","80","piilota","linjaliikennenyholm.fi","linjaliikennenyholm.fi","ei","RDAP 429","ei tarkistettu","","","","Tarkistus aikakatkaistiin; HTTP-tarkistus epäonnistui"
"26.7.2026 klo 11.37","Palvelukategoriat","Julkiset palvelut","Vero.fi","https://www.vero.fi","constants.tsx","80","piilota","vero.fi","vero.fi","ei","RDAP 429","ei tarkistettu","","","","Tarkistus aikakatkaistiin; HTTP-tarkistus epäonnistui"
"26.7.2026 klo 11.37","Uutisvirrat","RSS","Espoon artikkelit","https://www.espoo.fi/fi/rss/articles","localServices.ts","80","piilota","espoo.fi","espoo.fi","ei","RDAP 429","ei tarkistettu","","","","Tarkistus aikakatkaistiin; HTTP-tarkistus epäonnistui"
"26.7.2026 klo 11.37","Uutisvirrat","RSS","Espoon uutiset","https://www.espoo.fi/fi/rss/news","localServices.ts","80","piilota","espoo.fi","espoo.fi","ei","RDAP 429","ei tarkistettu","","","","Tarkistus aikakatkaistiin; HTTP-tarkistus epäonnistui"
"26.7.2026 klo 11.37","Kuntien kieliversiot","en","juuka (en)","https://www.juuka.fi/en/web/english","municipalityWebsiteLocales.ts","70","piilota","juuka.fi","juuka.fi","ei","RDAP 429","ei tarkistettu","","","","HTTP 404; HTTP 404"
"26.7.2026 klo 11.37","Kuntien kieliversiot","ru","juuka (ru)","https://www.juuka.fi/ru/web/russian","municipalityWebsiteLocales.ts","70","piilota","juuka.fi","juuka.fi","ei","RDAP 429","ei tarkistettu","","","","HTTP 404; HTTP 404"
"26.7.2026 klo 11.37","Kuntien kieliversiot","en","rantasalmi (en)","https://www.rantasalmi.fi/en/","municipalityWebsiteLocales.ts","70","piilota","rantasalmi.fi","rantasalmi.fi","ei","RDAP 429","ei tarkistettu","","","","HTTP 404; HTTP 404"
"26.7.2026 klo 11.37","Kuntien verkkosivut","Kunta","enontekiö","https://enontekio.fi/","municipalityWebsites.ts","70","piilota","enontekio.fi","enontekio.fi","ei","RDAP 429","ei tarkistettu","","","","HTTP 404; HTTP 404"
"26.7.2026 klo 11.37","Kuntien verkkosivut","Kunta","kalajoki","https://www.kalajoki.fi/","municipalityWebsites.ts","70","piilota","kalajoki.fi","kalajoki.fi","ei","RDAP 429","ei tarkistettu","","","","HTTP 404; HTTP 404"
"26.7.2026 klo 11.37","Kuntien verkkosivut","Kunta","kihniö","https://www.kihnio.fi/","municipalityWebsites.ts","70","piilota","kihnio.fi","kihnio.fi","ei","RDAP 429","ei tarkistettu","","","","HTTP 404; HTTP 404"
"26.7.2026 klo 11.37","Kuntien verkkosivut","Kunta","kolari","https://www.kolari.fi/","municipalityWebsites.ts","70","piilota","kolari.fi","kolari.fi","ei","RDAP 429","ei tarkistettu","","","","HTTP 404; HTTP 404"
"26.7.2026 klo 11.37","Kuntien verkkosivut","Kunta","lapinlahti","https://lapinlahti.fi/","municipalityWebsites.ts","70","piilota","lapinlahti.fi","lapinlahti.fi","ei","RDAP 429","ei tarkistettu","","","","HTTP 404; HTTP 404"
"26.7.2026 klo 11.37","Kuntien verkkosivut","Kunta","luumäki","https://www.luumaki.fi/","municipalityWebsites.ts","70","piilota","luumaki.fi","luumaki.fi","ei","RDAP 429","ei tarkistettu","","","","HTTP 404; HTTP 404"
"26.7.2026 klo 11.37","Kuntien verkkosivut","Kunta","ruokolahti","https://ruokolahti.fi/","municipalityWebsites.ts","70","piilota","ruokolahti.fi","ruokolahti.fi","ei","Meidän IT ja talous Oy","ei tarkistettu","","","","HTTP 404; HTTP 404"
"26.7.2026 klo 11.37","Kuntien verkkosivut","Kunta","savitaipale","https://www.savitaipale.fi/","municipalityWebsites.ts","70","piilota","savitaipale.fi","savitaipale.fi","ei","RDAP 429","ei tarkistettu","","","","HTTP 404; HTTP 404"
"26.7.2026 klo 11.37","Kuntien verkkosivut","Kunta","sonkajärvi","https://sonkajarvi.fi/","municipalityWebsites.ts","70","piilota","sonkajarvi.fi","sonkajarvi.fi","ei","RDAP 429","ei tarkistettu","","","","HTTP 404; HTTP 404"
"26.7.2026 klo 11.37","Kuntien verkkosivut","Kunta","suomussalmi","https://suomussalmi.fi/","municipalityWebsites.ts","70","piilota","suomussalmi.fi","suomussalmi.fi","ei","RDAP 429","ei tarkistettu","","","","HTTP 404; HTTP 404"
"26.7.2026 klo 11.37","Kuntien verkkosivut","Kunta","taipalsaari","https://www.taipalsaari.fi/","municipalityWebsites.ts","70","piilota","taipalsaari.fi","taipalsaari.fi","ei","RDAP 429","ei tarkistettu","","","","HTTP 404; HTTP 404"
"26.7.2026 klo 11.37","Lehdet","Suomalaiset paikallislehdet","Heinäveden lehti","http://www.heinavedenlehti.fi","localNewspaperLinks.ts","70","piilota","heinavedenlehti.fi","heinavedenlehti.fi","ei","Keskisuomalainen Oyj","ok","Etusivu | Heinäveden Lehti","","","Ei HTTPS-yhteyttä; Ei HTTPS-yhteyttä; Turvallisuushuomio"
"26.7.2026 klo 11.37","Lehdet","Suomalaiset paikallislehdet","Hämeenkyrön Sanomat","http://www.hameenkyronsanomat.fi/","localNewspaperLinks.ts","70","piilota","hameenkyronsanomat.fi","hameenkyronsanomat.fi","ei","Wordapp BV","ok","Hämeenkyrön sanomat | Opi uutta sanoma- ja digilehdistä","","","Ei HTTPS-yhteyttä; Ei HTTPS-yhteyttä; Turvallisuushuomio"
"26.7.2026 klo 11.37","Lehdet","Suomalaiset paikallislehdet","Ilmajoki-lehti","http://www.ilmajoki-lehti.fi","localNewspaperLinks.ts","70","piilota","ilmajoki-lehti.fi","ilmajoki-lehti.fi","ei","RDAP 429","ok","Etusivu - Ilmajoki-lehti","","","Ei HTTPS-yhteyttä; Ei HTTPS-yhteyttä; Turvallisuushuomio"
"26.7.2026 klo 11.37","Lehdet","Suomalaiset paikallislehdet","Inarilainen","http://www.inarilainen.fi/","localNewspaperLinks.ts","70","piilota","inarilainen.fi","inarilainen.fi","ei","RDAP 429","ok","Etusivu | Inarilainen","","","Ei HTTPS-yhteyttä; Ei HTTPS-yhteyttä; Turvallisuushuomio"
"26.7.2026 klo 11.37","Lehdet","Suomalaiset paikallislehdet","Joutsan Seutu","http://www.joutsanseutu.fi/","localNewspaperLinks.ts","70","piilota","joutsanseutu.fi","joutsanseutu.fi","ei","RDAP 429","ok","Etusivu | Joutsan Seutu","","","Ei HTTPS-yhteyttä; Ei HTTPS-yhteyttä; Turvallisuushuomio"
"26.7.2026 klo 11.37","Lehdet","Suomalaiset paikallislehdet","Joutseno (sanomalehti)","http://www.joutsenolehti.fi/","localNewspaperLinks.ts","70","piilota","joutsenolehti.fi","joutsenolehti.fi","ei","RDAP 429","ok","Etusivu | Paikallislehti Joutseno","","","Ei HTTPS-yhteyttä; Ei HTTPS-yhteyttä; Turvallisuushuomio"
"26.7.2026 klo 11.37","Lehdet","Suomalaiset paikallislehdet","JP-Kunnallissanomat","http://www.jp-kunnallissanomat.fi","localNewspaperLinks.ts","70","piilota","jp-kunnallissanomat.fi","jp-kunnallissanomat.fi","ei","RDAP 429","ok","JP-Kunnallissanomat | Etusivu","","","Ei HTTPS-yhteyttä; Ei HTTPS-yhteyttä; Turvallisuushuomio"
"26.7.2026 klo 11.37","Lehdet","Suomalaiset paikallislehdet","Kaakonkulma (lehti)","http://www.kaakonkulma.fi/","localNewspaperLinks.ts","70","piilota","kaakonkulma.fi","kaakonkulma.fi","ei","RDAP 429","ok","Etusivu | Kaakonkulma","","","Ei HTTPS-yhteyttä; Ei HTTPS-yhteyttä; Turvallisuushuomio"
"26.7.2026 klo 11.37","Lehdet","Suomalaiset paikallislehdet","Kalajoen Seutu","http://www.kalajoenseutu.net","localNewspaperLinks.ts","70","piilota","kalajoenseutu.net","kalajoenseutu.net","ei","RDAP 429","ok","kalajoenseutu.net | Viimeisimmät kulttuuriuutiset","","","Ei HTTPS-yhteyttä; Ei HTTPS-yhteyttä; Turvallisuushuomio"
"26.7.2026 klo 11.37","Lehdet","Suomalaiset paikallislehdet","Kalajokilaakso (lehti)","http://www.kalajokilaakso.fi/","localNewspaperLinks.ts","70","piilota","kalajokilaakso.fi","kalajokilaakso.fi","ei","RDAP 429","ok","Etusivu | Kalajokilaakso","","","Ei HTTPS-yhteyttä; Ei HTTPS-yhteyttä; Turvallisuushuomio"
"26.7.2026 klo 11.37","Lehdet","Suomalaiset paikallislehdet","Keskilaakso","http://www.keskilaakso.fi/","localNewspaperLinks.ts","70","piilota","keskilaakso.fi","keskilaakso.fi","ei","RDAP 429","ok","Etusivu | Keskilaakso","","","Ei HTTPS-yhteyttä; Ei HTTPS-yhteyttä; Turvallisuushuomio"
"26.7.2026 klo 11.37","Lehdet","Suomalaiset paikallislehdet","Kiuruvesi-lehti","http://www.kiuruvesilehti.fi/","localNewspaperLinks.ts","70","piilota","kiuruvesilehti.fi","kiuruvesilehti.fi","ei","Kiuruvesi Lehti Oy","ok","Kiuruvesi-lehti","","","Ei HTTPS-yhteyttä; Ei HTTPS-yhteyttä; Turvallisuushuomio"
"26.7.2026 klo 11.37","Lehdet","Suomalaiset paikallislehdet","Koillis-Savo (lehti)","http://www.koillis-savo.fi","localNewspaperLinks.ts","70","piilota","koillis-savo.fi","koillis-savo.fi","ei","RDAP 429","ok","Etusivu | Koillis-Savo","","","Ei HTTPS-yhteyttä; Ei HTTPS-yhteyttä; Turvallisuushuomio"
"26.7.2026 klo 11.37","Lehdet","Suomalaiset paikallislehdet","Koti-Karjala","http://www.kotikarjala.fi","localNewspaperLinks.ts","70","piilota","kotikarjala.fi","kotikarjala.fi","ei","RDAP 429","ok","Etusivu | Koti-Karjala","","","Ei HTTPS-yhteyttä; Ei HTTPS-yhteyttä; Turvallisuushuomio"
"26.7.2026 klo 11.37","Lehdet","Suomalaiset paikallislehdet","Kotiseutu-uutiset","http://kotiseutu-uutiset.com/","localNewspaperLinks.ts","70","piilota","kotiseutu-uutiset.com","kotiseutu-uutiset.com","ei","CSL Computer Service Langenbach GmbH d/b/a joker.com","ok","Kotiseutu-uutiset.com","","","Ei HTTPS-yhteyttä; Ei HTTPS-yhteyttä; Turvallisuushuomio"
"26.7.2026 klo 11.37","Lehdet","Suomalaiset paikallislehdet","Kuhmolainen","http://www.kuhmolainen.fi","localNewspaperLinks.ts","70","piilota","kuhmolainen.fi","kuhmolainen.fi","ei","Hilla Group Oyj","ok","Etusivu | Kuhmolainen","","","Ei HTTPS-yhteyttä; Ei HTTPS-yhteyttä; Turvallisuushuomio"
"26.7.2026 klo 11.37","Lehdet","Suomalaiset paikallislehdet","Kurikka-lehti","http://www.kurikka-lehti.fi","localNewspaperLinks.ts","70","piilota","kurikka-lehti.fi","kurikka-lehti.fi","ei","RDAP 429","ok","Kurikka - lehti Etusivu","","","Ei HTTPS-yhteyttä; Ei HTTPS-yhteyttä; Turvallisuushuomio"
"26.7.2026 klo 11.37","Lehdet","Suomalaiset paikallislehdet","Kyrönmaa (lehti)","http://www.kyronmaa-lehti.fi/","localNewspaperLinks.ts","70","piilota","kyronmaa-lehti.fi","kyronmaa-lehti.fi","ei","RDAP 429","ok","Kyrönmaa - lehti | Etusivu","","","Ei HTTPS-yhteyttä; Ei HTTPS-yhteyttä; Turvallisuushuomio"
"26.7.2026 klo 11.37","Lehdet","Suomalaiset paikallislehdet","Lapuan Sanomat","http://www.lapuansanomat.fi/","localNewspaperLinks.ts","70","piilota","lapuansanomat.fi","lapuansanomat.fi","ei","Lapua - Säätiö sr","ok","Lapuan Sanomat","","","Ei HTTPS-yhteyttä; Ei HTTPS-yhteyttä; Turvallisuushuomio"
"26.7.2026 klo 11.37","Lehdet","Suomalaiset paikallislehdet","Lauttakylä-lehti","http://www.lauttakyla.fi/","localNewspaperLinks.ts","70","piilota","lauttakyla.fi","lauttakyla.fi","ei","Huittisten Sanomalehti Oy","ok","Etusivu - Lauttakylä","","","Ei HTTPS-yhteyttä; Ei HTTPS-yhteyttä; Turvallisuushuomio"
"26.7.2026 klo 11.37","Lehdet","Suomalaiset paikallislehdet","Lieksan Lehti","http://www.lieksanlehti.fi","localNewspaperLinks.ts","70","piilota","lieksanlehti.fi","lieksanlehti.fi","ei","Planeetta Internet Oy","ok","Etusivu | Lieksan Lehti","","","Ei HTTPS-yhteyttä; Ei HTTPS-yhteyttä; Turvallisuushuomio"
"26.7.2026 klo 11.37","Lehdet","Suomalaiset paikallislehdet","Nya Östis","http://nyaostis.fi","localNewspaperLinks.ts","70","piilota","nyaostis.fi","nyaostis.fi","ei","RDAP 429","ok","Nya Östis - Förankrad i bygden","","","Ei HTTPS-yhteyttä; Ei HTTPS-yhteyttä; Turvallisuushuomio"
"26.7.2026 klo 11.37","Lehdet","Suomalaiset paikallislehdet","Orimattilan Sanomat","http://www.orimattilansanomat.fi/","localNewspaperLinks.ts","70","piilota","orimattilansanomat.fi","orimattilansanomat.fi","ei","RDAP 429","ok","Orimattilan Sanomat","","","Ei HTTPS-yhteyttä; Ei HTTPS-yhteyttä; Turvallisuushuomio"
"26.7.2026 klo 11.37","Lehdet","Suomalaiset paikallislehdet","Paikallislehti Sisä-Savo","http://www.sisa-savolehti.fi","localNewspaperLinks.ts","70","piilota","sisa-savolehti.fi","sisa-savolehti.fi","ei","RDAP 429","ok","Etusivu | Paikallislehti Sisä-Savo","","","Ei HTTPS-yhteyttä; Ei HTTPS-yhteyttä; Turvallisuushuomio"
"26.7.2026 klo 11.37","Lehdet","Suomalaiset paikallislehdet","Pargas Kungörelser – Paraisten Kuulutukset","http://www.pku.fi/","localNewspaperLinks.ts","70","piilota","pku.fi","pku.fi","ei","RDAP 429","ok","Framsida | Pargas Kungörelser","","","Ei HTTPS-yhteyttä; Ei HTTPS-yhteyttä; Turvallisuushuomio"
"26.7.2026 klo 11.37","Lehdet","Suomalaiset paikallislehdet","Perniönseudun Lehti","http://www.pernionseudunlehti.fi","localNewspaperLinks.ts","70","piilota","pernionseudunlehti.fi","pernionseudunlehti.fi","ei","RDAP 429","ok","Etusivu | Perniönseudun Lehti","","","Ei HTTPS-yhteyttä; Ei HTTPS-yhteyttä; Turvallisuushuomio"
"26.7.2026 klo 11.37","Lehdet","Suomalaiset paikallislehdet","Pietarsaaren Sanomat","http://www.pietarsaarensanomat.fi/","localNewspaperLinks.ts","70","piilota","pietarsaarensanomat.fi","pietarsaarensanomat.fi","ei","RDAP 429","ok","Etusivu | Pietarsaaren Sanomat","","","Ei HTTPS-yhteyttä; Ei HTTPS-yhteyttä; Turvallisuushuomio"
"26.7.2026 klo 11.37","Lehdet","Suomalaiset paikallislehdet","Pohjankyrö-lehti","http://www.pohjankyro-lehti.fi","localNewspaperLinks.ts","70","piilota","pohjankyro-lehti.fi","pohjankyro-lehti.fi","ei","RDAP 429","ok","Pohjankyrö - lehti | Etusivu","","","Ei HTTPS-yhteyttä; Ei HTTPS-yhteyttä; Turvallisuushuomio"
"26.7.2026 klo 11.37","Lehdet","Suomalaiset paikallislehdet","Punkalaitumen Sanomat","http://www.punkalaitumensanomat.fi","localNewspaperLinks.ts","70","piilota","punkalaitumensanomat.fi","punkalaitumensanomat.fi","ei","RDAP 429","ok","Punkalaitumen Sanomat - Verkkolehti","","","Ei HTTPS-yhteyttä; Ei HTTPS-yhteyttä; Turvallisuushuomio"
"26.7.2026 klo 11.37","Lehdet","Suomalaiset paikallislehdet","Rannikkoseutu","http://www.rannikkoseutu.fi","localNewspaperLinks.ts","70","piilota","rannikkoseutu.fi","rannikkoseutu.fi","ei","RDAP 429","ok","Rannikkoseutu","","","Ei HTTPS-yhteyttä; Ei HTTPS-yhteyttä; Turvallisuushuomio"
"26.7.2026 klo 11.37","Lehdet","Suomalaiset paikallislehdet","Reisjärvi (lehti)","http://www.reisjarvilehti.fi/","localNewspaperLinks.ts","70","piilota","reisjarvilehti.fi","reisjarvilehti.fi","ei","RDAP 429","ok","Kotiseutulehti Reisj&auml;rvi &#8211; Verkkolehtiportaali","","","Ei HTTPS-yhteyttä; Ei HTTPS-yhteyttä; Turvallisuushuomio"
"26.7.2026 klo 11.37","Lehdet","Suomalaiset paikallislehdet","Soisalon Seutu","http://www.soisalonseutu.fi","localNewspaperLinks.ts","70","piilota","soisalonseutu.fi","soisalonseutu.fi","ei","RDAP 429","ok","Etusivu | Soisalon Seutu","","","Ei HTTPS-yhteyttä; Ei HTTPS-yhteyttä; Turvallisuushuomio"
"26.7.2026 klo 11.37","Lehdet","Suomalaiset paikallislehdet","Suupohjan Sanomat","http://www.suupohjansanomat.fi","localNewspaperLinks.ts","70","piilota","suupohjansanomat.fi","suupohjansanomat.fi","ei","RDAP 429","ok","Etusivu | Suupohjan Sanomat","","","Ei HTTPS-yhteyttä; Ei HTTPS-yhteyttä; Turvallisuushuomio"
"26.7.2026 klo 11.37","Lehdet","Suomalaiset paikallislehdet","Tejuka","http://www.tejuka-lehti.fi","localNewspaperLinks.ts","70","piilota","tejuka-lehti.fi","tejuka-lehti.fi","ei","Elisa Oyj","ok","Tejuka - lehti","","","Ei HTTPS-yhteyttä; Ei HTTPS-yhteyttä; Turvallisuushuomio"
"26.7.2026 klo 11.37","Lehdet","Suomalaiset paikallislehdet","Turun Tienoo","http://www.turuntienoo.fi/","localNewspaperLinks.ts","70","piilota","turuntienoo.fi","turuntienoo.fi","ei","Online Solutions Oy","ok","Etusivu | Turun tienoo","","","Ei HTTPS-yhteyttä; Ei HTTPS-yhteyttä; Turvallisuushuomio"
"26.7.2026 klo 11.37","Lehdet","Suomalaiset paikallislehdet","Urjalan Sanomat","http://www.urjalansanomat.fi/","localNewspaperLinks.ts","70","piilota","urjalansanomat.fi","urjalansanomat.fi","ei","Urjalan Sanomat Oy","ok","Urjalan Sanomat","","","Ei HTTPS-yhteyttä; Ei HTTPS-yhteyttä; Turvallisuushuomio"
"26.7.2026 klo 11.37","Lehdet","Suomalaiset paikallislehdet","Uudenkaupungin Sanomat","http://www.uudenkaupunginsanomat.fi/","localNewspaperLinks.ts","70","piilota","uudenkaupunginsanomat.fi","uudenkaupunginsanomat.fi","ei","TS-Yhtymä Oy","ok","Uudenkaupunginsanomat","","","Ei HTTPS-yhteyttä; Ei HTTPS-yhteyttä; Turvallisuushuomio"
"26.7.2026 klo 11.37","Lehdet","Suomalaiset paikallislehdet","Vaarojen Sanomat","http://www.vaarojensanomat.fi","localNewspaperLinks.ts","70","piilota","vaarojensanomat.fi","vaarojensanomat.fi","ei","RDAP 429","ok","Vaarojen Sanomat","","","Ei HTTPS-yhteyttä; Ei HTTPS-yhteyttä; Turvallisuushuomio"
"26.7.2026 klo 11.37","Lehdet","Suomalaiset paikallislehdet","Viiskunta","http://www.viiskunta.fi","localNewspaperLinks.ts","70","piilota","viiskunta.fi","viiskunta.fi","ei","RDAP 429","ok","Etusivu | Viiskunta","","","Ei HTTPS-yhteyttä; Ei HTTPS-yhteyttä; Turvallisuushuomio"
"26.7.2026 klo 11.37","Lehdet","Suomalaiset paikallislehdet","Viitasaaren Seutu","http://www.viitasaarenseutu.fi/","localNewspaperLinks.ts","70","piilota","viitasaarenseutu.fi","viitasaarenseutu.fi","ei","RDAP 429","ok","Etusivu | Viitasaaren Seutu","","","Ei HTTPS-yhteyttä; Ei HTTPS-yhteyttä; Turvallisuushuomio"
"26.7.2026 klo 11.37","Lehdet","Suomalaiset paikallislehdet","Ylä-Kainuu","http://www.ylakainuu.fi","localNewspaperLinks.ts","70","piilota","ylakainuu.fi","ylakainuu.fi","ei","RDAP 429","ok","Etusivu | Ylä-Kainuu","","","Ei HTTPS-yhteyttä; Ei HTTPS-yhteyttä; Turvallisuushuomio"
"26.7.2026 klo 11.37","Lehdet","Suomalaiset paikallislehdet","Ähtärinjärven Uutisnuotta","http://www.ahtarinjarvenuutisnuotta.net/","localNewspaperLinks.ts","70","piilota","ahtarinjarvenuutisnuotta.net","ahtarinjarvenuutisnuotta.net","ei","RDAP 429","ok","Ähtärijärven Uutisnuotta","","","Ei HTTPS-yhteyttä; Ei HTTPS-yhteyttä; Turvallisuushuomio"
"26.7.2026 klo 11.37","Paikallinen ohjattu liikunta","Alueelliset","Akaa - Liikuntaryhmät 2026","https://akaa.fi/tee-ja-viihdy/liikunta/erityisryhmien-liikunta/liikuntaryhmat/","localExerciseLinks.ts","70","piilota","akaa.fi","akaa.fi","ei","Akaan kaupunki","ei tarkistettu","","","","HTTP 404; HTTP 404"
"26.7.2026 klo 11.37","Paikallinen ohjattu liikunta","Alueelliset","Petäjävesi - Soveltava liikunta","https://www.petajavesi.fi/vapaa-aika-ja-kulttuuri/vapaa-ajan-palvelut2017/soveltava-liikunta","localExerciseLinks.ts","70","piilota","petajavesi.fi","petajavesi.fi","ei","RDAP 429","ei tarkistettu","","","","HTTP 404; HTTP 404"
"26.7.2026 klo 11.37","Paikallinen ohjattu liikunta","Alueelliset","Savukoski - Kevään 2026 liikuntaryhmät","https://www.savukoski.fi/news-article/liikuntapalvelut/","localExerciseLinks.ts","70","piilota","savukoski.fi","savukoski.fi","ei","RDAP 429","ei tarkistettu","","","","HTTP 404; HTTP 404"
"26.7.2026 klo 11.37","Paikalliset erikoislinkit","Palveluliikenne","Joroinen palveluliikenne","https://www.joroinen.fi/asuminen-ja-ymparisto/liikenne/palveluliikenne-pali/","localServiceTransportLinks.ts","70","piilota","joroinen.fi","joroinen.fi","ei","RDAP 429","ei tarkistettu","","","","HTTP 404; HTTP 404"
"26.7.2026 klo 11.37","Paikalliset erikoislinkit","Palveluliikenne","Kiuruvesi palveluliikenne","https://kiuruvesi.fi/asuminen-ja-ymparisto/liikenne/palveluliikenne/","localServiceTransportLinks.ts","70","piilota","kiuruvesi.fi","kiuruvesi.fi","ei","RDAP 429","ei tarkistettu","","","","HTTP 404; HTTP 404"
"26.7.2026 klo 11.37","Paikalliset erikoislinkit","Palveluliikenne","Kuopio PALI-palveluliikenne","https://vilkku.kuopio.fi/pali","localServiceTransportLinks.ts","70","piilota","kuopio.fi","kuopio.fi","ei","RDAP 429","ei tarkistettu","","","","HTTP 404; HTTP 404"
"26.7.2026 klo 11.37","Paikalliset erikoislinkit","Palveluliikenne","Lapinlahti asiointiliikenne","https://lapinlahti.fi/liikenne/","localServiceTransportLinks.ts","70","piilota","lapinlahti.fi","lapinlahti.fi","ei","RDAP 429","ei tarkistettu","","","","HTTP 404; HTTP 404"
"26.7.2026 klo 11.37","Paikalliset erikoislinkit","Palveluliikenne","Pudasjärvi palveluliikenne","https://www.pudasjarvi.fi/asuminen-ja-ymparisto/liikenneyhteydet/asiointiliikenne/","localServiceTransportLinks.ts","70","piilota","pudasjarvi.fi","pudasjarvi.fi","ei","RDAP 429","ei tarkistettu","","","","HTTP 404; HTTP 404"
"26.7.2026 klo 11.37","Paikalliset erikoislinkit","Palveluliikenne","Sonkajärvi asiointi- ja palveluliikenne","https://www.sonkajarvi.fi/asuminen-ja-ymparisto/tiet-ja-liikenne/joukkoliikenne/","localServiceTransportLinks.ts","70","piilota","sonkajarvi.fi","sonkajarvi.fi","ei","RDAP 429","ei tarkistettu","","","","HTTP 404; HTTP 404"
"26.7.2026 klo 11.37","Palvelukategoriat","Liikunta","Tanssiin.fi - tanssit ja keikat","https://www.tanssiin.fi/keikat/","constants.tsx","70","piilota","tanssiin.fi","tanssiin.fi","ei","RDAP 429","ei tarkistettu","","","","HTTP 404; HTTP 404"
"26.7.2026 klo 11.37","Kuntien kieliversiot","sv","korsnäs (sv)","https://www.korsnas.fi/","municipalityWebsiteLocales.ts","60","piilota","korsnas.fi","korsnas.fi","ei","KORSNÄS KOMMUN","ei tarkistettu","","","","HTTP 500; HTTP 500"
"26.7.2026 klo 11.37","Kuntien verkkosivut","Kunta","hausjärvi","https://www.hausjarvi.fi/","municipalityWebsites.ts","60","piilota","hausjarvi.fi","hausjarvi.fi","ei","Hausjärven kunta","ei tarkistettu","","","","HTTP 500; HTTP 500"
"26.7.2026 klo 11.37","Kuntien verkkosivut","Kunta","kerava","https://www.kerava.fi","municipalityWebsites.ts","60","piilota","kerava.fi","kerava.fi","ei","RDAP 429","ei tarkistettu","","","","HTTP 500; HTTP 500"
"26.7.2026 klo 11.37","Kuntien verkkosivut","Kunta","korsnäs","https://www.korsnas.fi/","municipalityWebsites.ts","60","piilota","korsnas.fi","korsnas.fi","ei","KORSNÄS KOMMUN","ei tarkistettu","","","","HTTP 500; HTTP 500"
"26.7.2026 klo 11.37","Kuntien verkkosivut","Kunta","kuusamo","https://www.kuusamo.fi/","municipalityWebsites.ts","60","piilota","kuusamo.fi","kuusamo.fi","ei","RDAP 429","ei tarkistettu","","","","HTTP 500; HTTP 500"
"26.7.2026 klo 11.37","Kuntien verkkosivut","Kunta","loppi","https://www.loppi.fi/","municipalityWebsites.ts","60","piilota","loppi.fi","loppi.fi","ei","Lopen kunta","ei tarkistettu","","","","HTTP 500; HTTP 500"
"26.7.2026 klo 11.37","Kuntien verkkosivut","Kunta","paimio","https://www.paimio.fi/","municipalityWebsites.ts","60","piilota","paimio.fi","paimio.fi","ei","RDAP 429","ei tarkistettu","","","","HTTP 500; HTTP 500"
"26.7.2026 klo 11.37","Kuntien verkkosivut","Kunta","riihimäki","https://www.riihimaki.fi/","municipalityWebsites.ts","60","piilota","riihimaki.fi","riihimaki.fi","ei","Riihimäen kaupunki","ei tarkistettu","","","","HTTP 500; HTTP 500"
"26.7.2026 klo 11.37","Kuntien verkkosivut","Kunta","valkeakoski","https://www.valkeakoski.fi/","municipalityWebsites.ts","60","piilota","valkeakoski.fi","valkeakoski.fi","ei","Valkeakosken kaupunki","ei tarkistettu","","","","HTTP 500; HTTP 500"
"26.7.2026 klo 11.37","Paikalliset erikoislinkit","Julkinen liikenne","Hausjärven joukkoliikenne","https://www.hausjarvi.fi/asuminen-ja-rakentaminen/kadut-liikenne-ja-yleiset-alueet/joukkoliikenne/","localServices.ts","60","piilota","hausjarvi.fi","hausjarvi.fi","ei","Hausjärven kunta","ei tarkistettu","","","","HTTP 500; HTTP 500"
"26.7.2026 klo 11.37","Paikalliset erikoislinkit","Palveluliikenne","Hausjärvi palvelulinja","https://www.hausjarvi.fi/asuminen-ja-rakentaminen/kadut-liikenne-ja-yleiset-alueet/joukkoliikenne/","localServiceTransportLinks.ts","60","piilota","hausjarvi.fi","hausjarvi.fi","ei","Hausjärven kunta","ei tarkistettu","","","","HTTP 500; HTTP 500"
"26.7.2026 klo 11.37","Paikalliset erikoislinkit","Palveluliikenne","Kuusamo sivukylien asiointiliikenne","https://www.kuusamo.fi/asuminen-ja-ymparisto/asuminen/paikallisliikenne/","localServiceTransportLinks.ts","60","piilota","kuusamo.fi","kuusamo.fi","ei","RDAP 429","ei tarkistettu","","","","HTTP 500; HTTP 500"
"26.7.2026 klo 11.37","Paikalliset erikoislinkit","Julkinen liikenne","Kuusamon paikallisliikenne","https://www.kuusamo.fi/asuminen-ja-ymparisto/asuminen/paikallisliikenne/","localServices.ts","60","piilota","kuusamo.fi","kuusamo.fi","ei","RDAP 429","ei tarkistettu","","","","HTTP 500; HTTP 500"
"26.7.2026 klo 11.37","Paikalliset erikoislinkit","Julkinen liikenne","Lopen joukkoliikenne","https://www.loppi.fi/asuminen-ja-ymparisto/joukkoliikenne/","localServices.ts","60","piilota","loppi.fi","loppi.fi","ei","Lopen kunta","ei tarkistettu","","","","HTTP 500; HTTP 500"
"26.7.2026 klo 11.37","Paikalliset erikoislinkit","Palveluliikenne","Loppi palveluliikenne","https://www.loppi.fi/asuminen-ja-ymparisto/joukkoliikenne/","localServiceTransportLinks.ts","60","piilota","loppi.fi","loppi.fi","ei","Lopen kunta","ei tarkistettu","","","","HTTP 500; HTTP 500"
"26.7.2026 klo 11.37","Paikalliset erikoislinkit","Palveluliikenne","Paimio palveluliikenne","https://www.paimio.fi/palvelu/palveluliikenne/","localServiceTransportLinks.ts","60","piilota","paimio.fi","paimio.fi","ei","RDAP 429","ei tarkistettu","","","","HTTP 500; HTTP 500"
"26.7.2026 klo 11.37","Paikalliset erikoislinkit","Julkinen liikenne","Riihimäen joukkoliikenne","https://www.riihimaki.fi/asu-ja-rakenna/liikenne-ja-kadut/joukkoliikenne/","localServices.ts","60","piilota","riihimaki.fi","riihimaki.fi","ei","Riihimäen kaupunki","ei tarkistettu","","","","HTTP 500; HTTP 500"
"26.7.2026 klo 11.37","Paikalliset erikoislinkit","Palveluliikenne","Riihimäki R-kyyti","https://www.riihimaki.fi/asu-ja-rakenna/liikenne-ja-kadut/joukkoliikenne/r-kyyti/","localServiceTransportLinks.ts","60","piilota","riihimaki.fi","riihimaki.fi","ei","Riihimäen kaupunki","ei tarkistettu","","","","HTTP 500; HTTP 500"
"26.7.2026 klo 11.37","Palvelukategoriat","Oikeus","Kuluttajaneuvonta","https://www.kkv.fi/kuluttajaneuvonta/","constants.tsx","60","piilota","kkv.fi","kkv.fi","ei","RDAP 429","ei tarkistettu","","","","HTTP 500; HTTP 500"
"26.7.2026 klo 11.37","Palvelukategoriat","Musiikki","Tampere Filharmonia","https://www.tamperefilharmonia.fi/","constants.tsx","60","piilota","tamperefilharmonia.fi","tamperefilharmonia.fi","ei","RDAP 429","ei tarkistettu","","","","HTTP 500; HTTP 500"
"26.7.2026 klo 11.37","Palvelukategoriat","Verkkokaupat","Zalando","https://www.zalando.fi","constants.tsx","60","piilota","zalando.fi","zalando.fi","ei","RDAP 429","ei tarkistettu","","","","HTTP 503; HTTP 503"
"26.7.2026 klo 11.37","Hyvinvointialueet","Hyvinvointialue","Hyvinvointialue 06","https://sata.fi/","localServices.ts","50","piilota","sata.fi","satakunnanhyvinvointialue.fi","kyllä","RDAP 429","ok","Satakunnanhyvinvointialue","","","Domain vaihtui: sata.fi -> satakunnanhyvinvointialue.fi"
"26.7.2026 klo 11.37","Hyvinvointialueet","Hyvinvointialue","Hyvinvointialue 06","https://sata.fi/ajankohtaista/","localServices.ts","50","piilota","sata.fi","satakunnanhyvinvointialue.fi","kyllä","RDAP 429","ok","Ajankohtaista - Satakunnanhyvinvointialue","","","Domain vaihtui: sata.fi -> satakunnanhyvinvointialue.fi"
"26.7.2026 klo 11.37","Hyvinvointialueet","Hyvinvointialue","Hyvinvointialue 20","https://kainuunhyvinvointialue.fi/","localServices.ts","50","piilota","kainuunhyvinvointialue.fi","kainuu.fi","kyllä","Kainuun hyvinvointialue","ok","Terveyttä ja turvaa kaikille kainuulaisille! | Kainuun hyvinvointialue","","","Domain vaihtui: kainuunhyvinvointialue.fi -> kainuu.fi"
"26.7.2026 klo 11.37","Paikalliset erikoislinkit","Kirjastot","Helmet-kirjastot","https://www.helmet.fi/","localServices.ts","50","piilota","helmet.fi","finna.fi","kyllä","RDAP 429","ok","Helmet-verkkokirjasto | helmet.fi","","","Domain vaihtui: helmet.fi -> finna.fi"
"26.7.2026 klo 11.37","Paikalliset erikoislinkit","Julkinen liikenne","Oulun joukkoliikenne","https://www.oulunjoukkoliikenne.fi/","localServices.ts","50","piilota","oulunjoukkoliikenne.fi","osl.fi","kyllä","RDAP 429","ok","Oulun seudun liikenne – enemmän kuin matka! – osl.fi","","","Domain vaihtui: oulunjoukkoliikenne.fi -> osl.fi"
"26.7.2026 klo 11.37","Palvelukategoriat","Kirjastot","Helmet","https://www.helmet.fi","constants.tsx","50","piilota","helmet.fi","finna.fi","kyllä","RDAP 429","ok","Helmet-verkkokirjasto | helmet.fi","","","Domain vaihtui: helmet.fi -> finna.fi"
"26.7.2026 klo 11.37","Palvelukategoriat","Turvallisuus","Huijausinfo","https://www.huijausinfo.fi","constants.tsx","50","piilota","huijausinfo.fi","kuluttajaliitto.fi","kyllä","Kuluttajaliitto ry, Konsumentförbundet rf.","ok","Huijausinfo | Kuluttajaliitto","","","Domain vaihtui: huijausinfo.fi -> kuluttajaliitto.fi"
"26.7.2026 klo 11.37","Palvelukategoriat","Apua digiin","Joen Severi","https://www.joenseveri.fi","constants.tsx","50","piilota","joenseveri.fi","google.com","kyllä","RDAP 429","ok","Joen Severi ry","","","Domain vaihtui: joenseveri.fi -> google.com"
"26.7.2026 klo 11.37","Palvelukategoriat","Hengellisyys","Kirkon keskusteluapu","https://kirkonkeskusteluapu.fi","constants.tsx","50","piilota","kirkonkeskusteluapu.fi","evl.fi","kyllä","RDAP 429","ok","Kirkon keskusteluapu - Evl.fi","","","Domain vaihtui: kirkonkeskusteluapu.fi -> evl.fi"
"26.7.2026 klo 11.37","Palvelukategoriat","Liikenne","Oulun joukkoliikenne","https://www.oulunjoukkoliikenne.fi/","constants.tsx","50","piilota","oulunjoukkoliikenne.fi","osl.fi","kyllä","RDAP 429","ok","Oulun seudun liikenne – enemmän kuin matka! – osl.fi","","","Domain vaihtui: oulunjoukkoliikenne.fi -> osl.fi"
"26.7.2026 klo 11.37","Palvelukategoriat","Teatterit","Oulun teatteri","https://teatteri.ouka.fi/","constants.tsx","50","piilota","ouka.fi","oulunteatteri.fi","kyllä","RDAP 429","ok","Oulun teatteri","","","Domain vaihtui: ouka.fi -> oulunteatteri.fi"
"26.7.2026 klo 11.37","Palvelukategoriat","Sähköposti","Outlook / Hotmail","https://outlook.live.com","constants.tsx","50","piilota","live.com","live.com","ei","RDAP 429","ei tarkistettu","","","","HTTP 417; HTTP 417"
"26.7.2026 klo 11.37","Palvelukategoriat","Liikenne","Pohjolan Liikenne","https://www.pohjolanliikenne.fi/","constants.tsx","50","piilota","pohjolanliikenne.fi","pl.fi","kyllä","OY POHJOLAN LIIKENNE AB","ok","Pohjolan Liikenne","","","Domain vaihtui: pohjolanliikenne.fi -> pl.fi"
"26.7.2026 klo 11.37","Palvelukategoriat","Talous","Taloussanomat","https://www.taloussanomat.fi/","constants.tsx","50","piilota","taloussanomat.fi","is.fi","kyllä","RDAP 429","ok","Taloussanomat - Ilta-Sanomat","","","Domain vaihtui: taloussanomat.fi -> is.fi"
"26.7.2026 klo 11.37","Palvelukategoriat","Tiede","Tiede-lehti","https://www.tiede.fi","constants.tsx","50","piilota","tiede.fi","hs.fi","kyllä","Sanoma Media Finland Oy / Lifestyle & Kids Media","ok","Tiede | HS.fi","","","Domain vaihtui: tiede.fi -> hs.fi"
"26.7.2026 klo 11.37","Palvelukategoriat","Teatterit","Vaasan kaupunginteatteri","https://www.vaasankaupunginteatteri.fi/","constants.tsx","50","piilota","vaasankaupunginteatteri.fi","vaasa.fi","kyllä","Vaasa","ok","Vaasan kaupunginteatteri - Talo täynnä tarinoita | Vaasa","","","Domain vaihtui: vaasankaupunginteatteri.fi -> vaasa.fi"
"26.7.2026 klo 11.37","Kuntien verkkosivut","Kunta","haapavesi","https://haapavesi.fi/","municipalityWebsites.ts","40","piilota","haapavesi.fi","haapavesi.fi","ei","RDAP 429","ei tarkistettu","","verified","C","fetch failed; HTTP-tarkistus epäonnistui; Manuaalinen tila: verified"
"26.7.2026 klo 11.37","Lehdet","Suomalaiset paikallislehdet","Auranmaan Viikkolehti","https://www.avl.fi/","localNewspaperLinks.ts","40","piilota","avl.fi","avl.fi","ei","Auranmaan Viikkolehti","ei tarkistettu","","verified","A","Tarkistus aikakatkaistiin; HTTP-tarkistus epäonnistui; Manuaalinen tila: verified"
"26.7.2026 klo 11.37","Palvelukategoriat","Vapaa-aika","Vapaaehtoistyö","https://www.vapaaehtoistyö.fi","constants.tsx","40","piilota","xn--vapaaehtoisty-umb.fi","xn--vapaaehtoisty-umb.fi","ei","Kirkkopalvelut ry","ei tarkistettu","","verified","C","Tarkistus aikakatkaistiin; HTTP-tarkistus epäonnistui; Manuaalinen tila: verified"
"26.7.2026 klo 11.37","Alueelliset uutislähteet","Alueelliset uutiset","Aamulehti","https://www.aamulehti.fi/","localServices.ts","35","tarkista","aamulehti.fi","aamulehti.fi","ei","Sanoma Media Finland Oy","huomio","Tampereen ja Pirkanmaan tärkeimmät uutiset, parhaat live-lähetykset, mielenkiintoisimmat ilmiöt ja ihmiset. Lue ja katso!","","","HTML-sivulta ei löytynyt otsikkoa; Sisältötarkistus vaatii huomiota"
"26.7.2026 klo 11.37","Alueelliset uutislähteet","Alueelliset uutiset","Salon Seudun Sanomat","https://www.sss.fi/","localServices.ts","35","tarkista","sss.fi","sss.fi","ei","RDAP 429","huomio","Etusivu - SSS.fi","","","Sivun otsikko tai sisältö ei selvästi vastaa linkin nimeä; Sisältötarkistus vaatii huomiota"
"26.7.2026 klo 11.37","Hyvinvointialueet","Hyvinvointialue","Hyvinvointialue 08","https://www.pirha.fi/ajankohtaista/pirha-nyt","localServices.ts","35","tarkista","pirha.fi","pirha.fi","ei","RDAP 429","huomio","Pirha nyt - pirha.fi","","","Sivun otsikko tai sisältö ei selvästi vastaa linkin nimeä; Sisältötarkistus vaatii huomiota"
"26.7.2026 klo 11.37","Hyvinvointialueet","Hyvinvointialue","Hyvinvointialue 14","https://www.siunsote.fi/","localServices.ts","35","tarkista","siunsote.fi","siunsote.fi","ei","RDAP 429","huomio","Etusivu - Siun sote","","","Sivun otsikko tai sisältö ei selvästi vastaa linkin nimeä; Sisältötarkistus vaatii huomiota"
"26.7.2026 klo 11.37","Hyvinvointialueet","Hyvinvointialue","Hyvinvointialue 14","https://www.siunsote.fi/ajankohtaista/","localServices.ts","35","tarkista","siunsote.fi","siunsote.fi","ei","RDAP 429","huomio","Ajankohtaista - Siun sote","","","Sivun otsikko tai sisältö ei selvästi vastaa linkin nimeä; Sisältötarkistus vaatii huomiota"
"26.7.2026 klo 11.37","Hyvinvointialueet","Hyvinvointialue","Hyvinvointialue 19","https://pohde.fi/ajankohtaista/","localServices.ts","35","tarkista","pohde.fi","pohde.fi","ei","Istekki Oy","huomio","Ajankohtaista - Pohde","","","Sivun otsikko tai sisältö ei selvästi vastaa linkin nimeä; Sisältötarkistus vaatii huomiota"
"26.7.2026 klo 11.37","Hyvinvointialueet","Hyvinvointialue","Hyvinvointialue 90","https://www.hel.fi/fi/sosiaali-ja-terveyspalvelut","localServices.ts","35","tarkista","hel.fi","hel.fi","ei","Elisa Oyj","huomio","Sosiaali- ja terveyspalvelut | Helsingin kaupunki","","","Sivun otsikko tai sisältö ei selvästi vastaa linkin nimeä; Sisältötarkistus vaatii huomiota"
"26.7.2026 klo 11.37","Hyvinvointialueet","Hyvinvointialue","Hyvinvointialue 90","https://www.hel.fi/fi/uutiset","localServices.ts","35","tarkista","hel.fi","hel.fi","ei","Elisa Oyj","huomio","Ajankohtaista | Helsingin kaupunki","","","Sivun otsikko tai sisältö ei selvästi vastaa linkin nimeä; Sisältötarkistus vaatii huomiota"
"26.7.2026 klo 11.37","Hyvinvointialueet","Hyvinvointialue","Hyvinvointialue 91","https://www.ahs.ax/nyheter","localServices.ts","35","tarkista","ahs.ax","ahs.ax","ei","RDAP 404","huomio","Nyheter | Ålands hälso- och sjukvård","","","Sivun otsikko tai sisältö ei selvästi vastaa linkin nimeä; Sisältötarkistus vaatii huomiota"
"26.7.2026 klo 11.37","Hyvinvointialueet","Hyvinvointialue","Hyvinvointialue 91","https://www.aland.ax/sv","localServices.ts","35","tarkista","aland.ax","aland.ax","ei","RDAP 404","huomio","Startsida | Åland.ax","","","Sivun otsikko tai sisältö ei selvästi vastaa linkin nimeä; Sisältötarkistus vaatii huomiota"
"26.7.2026 klo 11.37","Kuntien kieliversiot","en","helsinki (en)","https://www.hel.fi/en/frontpage","municipalityWebsiteLocales.ts","35","tarkista","hel.fi","hel.fi","ei","Elisa Oyj","huomio","Frontpage | City of Helsinki","","","Sivu vaikuttaa parkkisivulta tai myytävältä domainilta; Sisältötarkistus vaatii huomiota"
"26.7.2026 klo 11.37","Kuntien kieliversiot","et","helsinki (et)","https://www.hel.fi/et","municipalityWebsiteLocales.ts","35","tarkista","hel.fi","hel.fi","ei","Elisa Oyj","huomio","Helsingis on hea elada | City of Helsinki","","","Sivu vaikuttaa parkkisivulta tai myytävältä domainilta; Sisältötarkistus vaatii huomiota"
"26.7.2026 klo 11.37","Kuntien kieliversiot","ru","helsinki (ru)","https://www.hel.fi/ru","municipalityWebsiteLocales.ts","35","tarkista","hel.fi","hel.fi","ei","Elisa Oyj","huomio","Хорошо жить в Хельсинки | City of Helsinki","","","Sivu vaikuttaa parkkisivulta tai myytävältä domainilta; Sisältötarkistus vaatii huomiota"
"26.7.2026 klo 11.37","Kuntien kieliversiot","uk","helsinki (uk)","https://www.hel.fi/uk","municipalityWebsiteLocales.ts","35","tarkista","hel.fi","hel.fi","ei","Elisa Oyj","huomio","Комфортне та цікаве життя в Гельсінкі | City of Helsinki","","","Sivu vaikuttaa parkkisivulta tai myytävältä domainilta; Sisältötarkistus vaatii huomiota"
"26.7.2026 klo 11.37","Kuntien kieliversiot","en","jyväskylä (en)","https://www.jyvaskyla.fi/en","municipalityWebsiteLocales.ts","35","tarkista","jyvaskyla.fi","jyvaskyla.fi","ei","RDAP 429","huomio","City of Jyväskylä | Jyväskylä.fi","","","Sivu vaikuttaa parkkisivulta tai myytävältä domainilta; Sisältötarkistus vaatii huomiota"
"26.7.2026 klo 11.37","Kuntien kieliversiot","sv","kauniainen (sv)","https://www.kauniainen.fi/sv/","municipalityWebsiteLocales.ts","35","tarkista","kauniainen.fi","kauniainen.fi","ei","KAUNIAISTEN KAUPUNKI","huomio","Grankulla stads hemsida - Kauniaisten kaupunki – Grankulla stad","","","Sivun otsikko tai sisältö ei selvästi vastaa linkin nimeä; Sisältötarkistus vaatii huomiota"
"26.7.2026 klo 11.37","Kuntien kieliversiot","en","kemiönsaari (en)","https://en.kimitoon.fi/","municipalityWebsiteLocales.ts","35","tarkista","kimitoon.fi","kimitoon.fi","ei","RDAP 429","huomio","Kimitoön","","","Sivun otsikko tai sisältö ei selvästi vastaa linkin nimeä; Sisältötarkistus vaatii huomiota"
"26.7.2026 klo 11.37","Kuntien kieliversiot","sv","kemiönsaari (sv)","https://www.kimitoon.fi/","municipalityWebsiteLocales.ts","35","tarkista","kimitoon.fi","kimitoon.fi","ei","RDAP 429","huomio","Kimitoöns kommun","","","Sivun otsikko tai sisältö ei selvästi vastaa linkin nimeä; Sisältötarkistus vaatii huomiota"
"26.7.2026 klo 11.37","Kuntien kieliversiot","ru","kitee (ru)","https://www.kitee.fi/ru/web/rus","municipalityWebsiteLocales.ts","35","tarkista","kitee.fi","kitee.fi","ei","RDAP 429","huomio","Главная - Rus","","","Sivun otsikko tai sisältö ei selvästi vastaa linkin nimeä; Sisältötarkistus vaatii huomiota"
"26.7.2026 klo 11.37","Kuntien kieliversiot","en","kouvola (en)","https://www.kouvola.fi/en/","municipalityWebsiteLocales.ts","35","tarkista","kouvola.fi","kouvola.fi","ei","RDAP 429","huomio","Living in Kouvola - The City of Kouvola","","","Sivu vaikuttaa parkkisivulta tai myytävältä domainilta; Sisältötarkistus vaatii huomiota"
"26.7.2026 klo 11.37","Kuntien kieliversiot","en","kristiinankaupunki (en)","https://www.kristinestad.fi/start/","municipalityWebsiteLocales.ts","35","tarkista","kristinestad.fi","kristinestad.fi","ei","RDAP 429","huomio","Start &raquo; Kristinestad in English","","","Sivu vaikuttaa parkkisivulta tai myytävältä domainilta; Sivun otsikko tai sisältö ei selvästi vastaa linkin nimeä; Sisältötarkistus vaatii huomiota"
"26.7.2026 klo 11.37","Kuntien kieliversiot","sv","kristiinankaupunki (sv)","https://www.kristinestad.fi/","municipalityWebsiteLocales.ts","35","tarkista","kristinestad.fi","kristinestad.fi","ei","RDAP 429","huomio","Kristinestads stad &raquo; Kristinestad","","","Sivun otsikko tai sisältö ei selvästi vastaa linkin nimeä; Sisältötarkistus vaatii huomiota"
"26.7.2026 klo 11.37","Kuntien kieliversiot","sv","kruunupyy (sv)","https://www.kronoby.fi/sv","municipalityWebsiteLocales.ts","35","tarkista","kronoby.fi","kronoby.fi","ei","RDAP 429","huomio","Kronoby kommun - Home","","","Sivun otsikko tai sisältö ei selvästi vastaa linkin nimeä; Sisältötarkistus vaatii huomiota"
"26.7.2026 klo 11.37","Kuntien kieliversiot","en","kustavi (en)","https://kustavi.fi/en/","municipalityWebsiteLocales.ts","35","tarkista","kustavi.fi","kustavi.fi","ei","RDAP 429","huomio","","","","HTML-sivulta ei löytynyt otsikkoa; Sivun otsikko tai sisältö ei selvästi vastaa linkin nimeä; Sisältötarkistus vaatii huomiota"
"26.7.2026 klo 11.37","Kuntien kieliversiot","en","luoto (en)","https://larsmo.fi/en/frontpage/","municipalityWebsiteLocales.ts","35","tarkista","larsmo.fi","larsmo.fi","ei","RDAP 429","huomio","Frontpage &#187; Larsmo","","","Sivun otsikko tai sisältö ei selvästi vastaa linkin nimeä; Sisältötarkistus vaatii huomiota"
"26.7.2026 klo 11.37","Kuntien kieliversiot","sv","luoto (sv)","https://larsmo.fi/","municipalityWebsiteLocales.ts","35","tarkista","larsmo.fi","larsmo.fi","ei","RDAP 429","huomio","Hemsida &#187; Larsmo Larsmo","","","Sivun otsikko tai sisältö ei selvästi vastaa linkin nimeä; Sisältötarkistus vaatii huomiota"
"26.7.2026 klo 11.37","Kuntien kieliversiot","en","maalahti (en)","https://www.malax.fi/en/","municipalityWebsiteLocales.ts","35","tarkista","malax.fi","malax.fi","ei","RDAP 429","huomio","Malax, the place to be! &raquo; Maalahden kunta","","","Sivun otsikko tai sisältö ei selvästi vastaa linkin nimeä; Sisältötarkistus vaatii huomiota"
"26.7.2026 klo 11.37","Kuntien kieliversiot","sv","maalahti (sv)","https://www.malax.fi/","municipalityWebsiteLocales.ts","35","tarkista","malax.fi","malax.fi","ei","RDAP 429","huomio","Malax ligger rätt! &raquo; Malax kommun","","","Sivun otsikko tai sisältö ei selvästi vastaa linkin nimeä; Sisältötarkistus vaatii huomiota"
"26.7.2026 klo 11.37","Kuntien kieliversiot","sv","maarianhamina (sv)","https://www.mariehamn.ax/","municipalityWebsiteLocales.ts","35","tarkista","mariehamn.ax","mariehamn.ax","ei","RDAP 404","huomio","Startsida | Mariehamns stad","","","Sivun otsikko tai sisältö ei selvästi vastaa linkin nimeä; Sisältötarkistus vaatii huomiota"
"26.7.2026 klo 11.37","Kuntien kieliversiot","en","naantali (en)","https://www.naantali.fi/en","municipalityWebsiteLocales.ts","35","tarkista","naantali.fi","naantali.fi","ei","RDAP 429","huomio","Naantali.fi","","","Sivu vaikuttaa parkkisivulta tai myytävältä domainilta; Sisältötarkistus vaatii huomiota"
"26.7.2026 klo 11.37","Kuntien kieliversiot","en","outokumpu (en)","https://www.outokummunkaupunki.fi/in-english/","municipalityWebsiteLocales.ts","35","tarkista","outokummunkaupunki.fi","outokummunkaupunki.fi","ei","RDAP 429","huomio","In English - Outokummun kaupunki","","","Sivun otsikko tai sisältö ei selvästi vastaa linkin nimeä; Sisältötarkistus vaatii huomiota"
"26.7.2026 klo 11.37","Kuntien kieliversiot","sv","parainen (sv)","https://www.pargas.fi/sv","municipalityWebsiteLocales.ts","35","tarkista","pargas.fi","pargas.fi","ei","RDAP 429","huomio","Förstasidan - Pargas - Pargas -portal","","","Sivun otsikko tai sisältö ei selvästi vastaa linkin nimeä; Sisältötarkistus vaatii huomiota"
"26.7.2026 klo 11.37","Kuntien kieliversiot","sv","pedersören kunta (sv)","https://www.pedersore.fi/sv/soek/","municipalityWebsiteLocales.ts","35","tarkista","pedersore.fi","pedersore.fi","ei","RDAP 429","huomio","Pedersöre kommun - Sök","","","Sivun otsikko tai sisältö ei selvästi vastaa linkin nimeä; Sisältötarkistus vaatii huomiota"
"26.7.2026 klo 11.37","Kuntien kieliversiot","sv","pietarsaari (sv)","https://jakobstad.fi/","municipalityWebsiteLocales.ts","35","tarkista","jakobstad.fi","jakobstad.fi","ei","RDAP 429","huomio","Hemsida - Jakobstad","","","Sivun otsikko tai sisältö ei selvästi vastaa linkin nimeä; Sisältötarkistus vaatii huomiota"
"26.7.2026 klo 11.37","Kuntien kieliversiot","sv","raasepori (sv)","https://www.raseborg.fi/skolor/karis-svenska-hogstadium/","municipalityWebsiteLocales.ts","35","tarkista","raseborg.fi","raseborg.fi","ei","RDAP 429","huomio","Karis svenska högstadium - Raseborg","","","Sivun otsikko tai sisältö ei selvästi vastaa linkin nimeä; Sisältötarkistus vaatii huomiota"
"26.7.2026 klo 11.37","Kuntien kieliversiot","en","rovaniemi (en)","https://international.rovaniemi.fi/","municipalityWebsiteLocales.ts","35","tarkista","rovaniemi.fi","rovaniemi.fi","ei","RDAP 429","huomio","Rovaniemi - Arctic Capital - Rovaniemi - Arctic Capital","","","Sivu vaikuttaa parkkisivulta tai myytävältä domainilta; Sisältötarkistus vaatii huomiota"
"26.7.2026 klo 11.37","Kuntien kieliversiot","en","ruovesi (en)","https://www.ruovesi.fi/tourists/","municipalityWebsiteLocales.ts","35","tarkista","ruovesi.fi","ruovesi.fi","ei","RDAP 429","huomio","For Tourists - Ruoveden kunta","","","Sivun otsikko tai sisältö ei selvästi vastaa linkin nimeä; Sisältötarkistus vaatii huomiota"
"26.7.2026 klo 11.37","Kuntien kieliversiot","en","salo (en)","https://salo.fi/en/","municipalityWebsiteLocales.ts","35","tarkista","salo.fi","salo.fi","ei","RDAP 429","huomio","Front page - Salo","","","Sivu vaikuttaa parkkisivulta tai myytävältä domainilta; Sisältötarkistus vaatii huomiota"
"26.7.2026 klo 11.37","Kuntien kieliversiot","en","savonlinna (en)","https://www.savonlinna.fi/en/","municipalityWebsiteLocales.ts","35","tarkista","savonlinna.fi","savonlinna.fi","ei","RDAP 429","huomio","Welcome to Savonlinna - Savonlinna","","","Sivu vaikuttaa parkkisivulta tai myytävältä domainilta; Sisältötarkistus vaatii huomiota"
"26.7.2026 klo 11.37","Kuntien kieliversiot","en","siilinjärvi (en)","https://siilinjarvi.fi/en/","municipalityWebsiteLocales.ts","35","tarkista","siilinjarvi.fi","siilinjarvi.fi","ei","RDAP 429","huomio","Frontpage - Siilinjärven kunnan verkkosivut","","","Sivu vaikuttaa parkkisivulta tai myytävältä domainilta; Sivun otsikko tai sisältö ei selvästi vastaa linkin nimeä; Sisältötarkistus vaatii huomiota"
"26.7.2026 klo 11.37","Kuntien kieliversiot","sv","siuntio (sv)","https://www.siuntio.fi/sv/","municipalityWebsiteLocales.ts","35","tarkista","siuntio.fi","siuntio.fi","ei","RDAP 429","huomio","Sjundeå kommun","","","Sivun otsikko tai sisältö ei selvästi vastaa linkin nimeä; Sisältötarkistus vaatii huomiota"
"26.7.2026 klo 11.37","Kuntien kieliversiot","ru","tohmajärvi (ru)","https://www.tohmajarvi.fi/ru/web/russia","municipalityWebsiteLocales.ts","35","tarkista","tohmajarvi.fi","tohmajarvi.fi","ei","RDAP 429","huomio","Дома - russia","","","Sivun otsikko tai sisältö ei selvästi vastaa linkin nimeä; Sisältötarkistus vaatii huomiota"
"26.7.2026 klo 11.37","Kuntien kieliversiot","sv","uusikaarlepyy (sv)","https://www.nykarleby.fi/","municipalityWebsiteLocales.ts","35","tarkista","nykarleby.fi","nykarleby.fi","ei","RDAP 429","huomio","Hem &raquo; Nykarleby stad","","","Sivun otsikko tai sisältö ei selvästi vastaa linkin nimeä; Sisältötarkistus vaatii huomiota"
"26.7.2026 klo 11.37","Kuntien verkkosivut","Kunta","harjavalta","https://www.harjavalta.fi/","municipalityWebsites.ts","35","tarkista","harjavalta.fi","harjavalta.fi","ei","Netorek Oy","huomio","Etusivu - Harjavallan kaupunki","","","Sivun otsikko tai sisältö ei selvästi vastaa linkin nimeä; Sisältötarkistus vaatii huomiota"
"26.7.2026 klo 11.37","Kuntien verkkosivut","Kunta","kemiönsaari","https://en.kimitoon.fi/","municipalityWebsites.ts","35","tarkista","kimitoon.fi","kimitoon.fi","ei","RDAP 429","huomio","Kimitoön","","","Sivun otsikko tai sisältö ei selvästi vastaa linkin nimeä; Sisältötarkistus vaatii huomiota"
"26.7.2026 klo 11.37","Kuntien verkkosivut","Kunta","kiuruvesi","https://www.kiuruvesi.fi/","municipalityWebsites.ts","35","tarkista","kiuruvesi.fi","kiuruvesi.fi","ei","RDAP 429","huomio","Elämää kaikilla aisteilla - Kiuruvesi - Elämää kaikilla aisteilla","","","Sivu vaikuttaa parkkisivulta tai myytävältä domainilta; Sisältötarkistus vaatii huomiota"
"26.7.2026 klo 11.37","Kuntien verkkosivut","Kunta","kristiinankaupunki","https://www.kristinestad.fi/","municipalityWebsites.ts","35","tarkista","kristinestad.fi","kristinestad.fi","ei","RDAP 429","huomio","Kristinestads stad &raquo; Kristinestad","","","Sivun otsikko tai sisältö ei selvästi vastaa linkin nimeä; Sisältötarkistus vaatii huomiota"
"26.7.2026 klo 11.37","Kuntien verkkosivut","Kunta","kruunupyy","https://www.kronoby.fi/","municipalityWebsites.ts","35","tarkista","kronoby.fi","kronoby.fi","ei","RDAP 429","huomio","Kronoby kommun - Home","","","Sivun otsikko tai sisältö ei selvästi vastaa linkin nimeä; Sisältötarkistus vaatii huomiota"
"26.7.2026 klo 11.37","Kuntien verkkosivut","Kunta","kuhmoinen","https://www.kuhmoinen.fi/","municipalityWebsites.ts","35","tarkista","kuhmoinen.fi","kuhmoinen.fi","ei","RDAP 429","huomio","This site requires javascript","","","Sivun otsikko tai sisältö ei selvästi vastaa linkin nimeä; Sisältötarkistus vaatii huomiota"
"26.7.2026 klo 11.37","Kuntien verkkosivut","Kunta","luhanka","https://www.luhanka.fi/","municipalityWebsites.ts","35","tarkista","luhanka.fi","luhanka.fi","ei","RDAP 429","huomio","Luhanka &#8211; Luhangan kunta","","","Sivu vaikuttaa parkkisivulta tai myytävältä domainilta; Sisältötarkistus vaatii huomiota"
"26.7.2026 klo 11.37","Kuntien verkkosivut","Kunta","luoto","https://larsmo.fi/","municipalityWebsites.ts","35","tarkista","larsmo.fi","larsmo.fi","ei","RDAP 429","huomio","Hemsida &#187; Larsmo Larsmo","","","Sivun otsikko tai sisältö ei selvästi vastaa linkin nimeä; Sisältötarkistus vaatii huomiota"
"26.7.2026 klo 11.37","Kuntien verkkosivut","Kunta","maalahti","https://www.malax.fi/","municipalityWebsites.ts","35","tarkista","malax.fi","malax.fi","ei","RDAP 429","huomio","Malax ligger rätt! &raquo; Malax kommun","","","Sivun otsikko tai sisältö ei selvästi vastaa linkin nimeä; Sisältötarkistus vaatii huomiota"
"26.7.2026 klo 11.37","Kuntien verkkosivut","Kunta","parainen","https://www.pargas.fi/","municipalityWebsites.ts","35","tarkista","pargas.fi","pargas.fi","ei","RDAP 429","huomio","Förstasidan - Pargas - Pargas -portal","","","Sivun otsikko tai sisältö ei selvästi vastaa linkin nimeä; Sisältötarkistus vaatii huomiota"
"26.7.2026 klo 11.37","Kuntien verkkosivut","Kunta","pedersören","https://www.pedersore.fi/","municipalityWebsites.ts","35","tarkista","pedersore.fi","pedersore.fi","ei","RDAP 429","huomio","Pedersöre kommun - Hem","","","Sivun otsikko tai sisältö ei selvästi vastaa linkin nimeä; Sisältötarkistus vaatii huomiota"
"26.7.2026 klo 11.37","Kuntien verkkosivut","Kunta","pietarsaari","https://jakobstad.fi/","municipalityWebsites.ts","35","tarkista","jakobstad.fi","jakobstad.fi","ei","RDAP 429","huomio","Hemsida - Jakobstad","","","Sivun otsikko tai sisältö ei selvästi vastaa linkin nimeä; Sisältötarkistus vaatii huomiota"
"26.7.2026 klo 11.37","Kuntien verkkosivut","Kunta","raasepori","https://www.raseborg.fi/","municipalityWebsites.ts","35","tarkista","raseborg.fi","raseborg.fi","ei","RDAP 429","huomio","Välkommen till Raseborg - Raseborg","","","Sivun otsikko tai sisältö ei selvästi vastaa linkin nimeä; Sisältötarkistus vaatii huomiota"
"26.7.2026 klo 11.37","Kuntien verkkosivut","Kunta","somero","https://www.somero.fi/","municipalityWebsites.ts","35","tarkista","somero.fi","somero.fi","ei","RDAP 429","huomio","","","","Sisältötarkistus aikakatkaistiin; Sisältötarkistus vaatii huomiota"
"26.7.2026 klo 11.37","Kuntien verkkosivut","Kunta","sotkamo","https://www.sotkamo.fi/","municipalityWebsites.ts","35","tarkista","sotkamo.fi","sotkamo.fi","ei","RDAP 429","huomio","","","","Sisältötarkistus aikakatkaistiin; Sisältötarkistus vaatii huomiota"
"26.7.2026 klo 11.37","Kuntien verkkosivut","Kunta","sulkava","https://sulkava.fi/","municipalityWebsites.ts","35","tarkista","sulkava.fi","sulkava.fi","ei","RDAP 429","huomio","","","","Sisältötarkistus aikakatkaistiin; Sisältötarkistus vaatii huomiota"
"26.7.2026 klo 11.37","Kuntien verkkosivut","Kunta","taivassalo","https://www.taivassalo.fi/","municipalityWebsites.ts","35","tarkista","taivassalo.fi","taivassalo.fi","ei","Taivassalon kunta","huomio","","","","Sisältötarkistus aikakatkaistiin; Sisältötarkistus vaatii huomiota"
"26.7.2026 klo 11.37","Kuntien verkkosivut","Kunta","uusikaupunki","https://uusikaupunki.fi/","municipalityWebsites.ts","35","tarkista","uusikaupunki.fi","uusikaupunki.fi","ei","RDAP 429","huomio","","","","Sisältötarkistus aikakatkaistiin; Sisältötarkistus vaatii huomiota"
"26.7.2026 klo 11.37","Kuntien verkkosivut","Kunta","vantaa","https://www.vantaa.fi/","municipalityWebsites.ts","35","tarkista","vantaa.fi","vantaa.fi","ei","RDAP 429","huomio","","","","Sisältötarkistus aikakatkaistiin; Sisältötarkistus vaatii huomiota"
"26.7.2026 klo 11.37","Kuntien verkkosivut","Kunta","vihti","https://www.vihti.fi/","municipalityWebsites.ts","35","tarkista","vihti.fi","vihti.fi","ei","Vihdin kunta","huomio","Vihti on vireä ja vehreä kunta pääkaupunkiseudun tuntumassa. Tutustu kunnan palveluihin, ajankohtaisiin asioihin, päätöksentekoon ja tapahtumiin.","","","HTML-sivulta ei löytynyt otsikkoa; Sisältötarkistus vaatii huomiota"
"26.7.2026 klo 11.37","Kuntien verkkosivut","Kunta","vimpeli","https://www.vimpeli.fi/","municipalityWebsites.ts","35","tarkista","vimpeli.fi","vimpeli.fi","ei","RDAP 429","huomio","","","","Sisältötarkistus aikakatkaistiin; Sisältötarkistus vaatii huomiota"
"26.7.2026 klo 11.37","Kuntien verkkosivut","Kunta","virrat","https://www.virrat.fi","municipalityWebsites.ts","35","tarkista","virrat.fi","virrat.fi","ei","RDAP 429","huomio","","","","Sisältötarkistus aikakatkaistiin; Sisältötarkistus vaatii huomiota"
"26.7.2026 klo 11.37","Kuntien verkkosivut","Kunta","vårdö","https://www.vardo.ax/","municipalityWebsites.ts","35","tarkista","vardo.ax","vardo.ax","ei","RDAP 429","huomio","","","","Sisältötarkistus aikakatkaistiin; Sisältötarkistus vaatii huomiota"
"26.7.2026 klo 11.37","Kuntien verkkosivut","Kunta","ähtäri","https://www.ahtari.fi/","municipalityWebsites.ts","35","tarkista","ahtari.fi","ahtari.fi","ei","Ähtärin kaupunki","huomio","","","","Sisältötarkistus aikakatkaistiin; Sisältötarkistus vaatii huomiota"
"26.7.2026 klo 11.37","Lehdet","Suomalaiset paikallislehdet","Kaarina-lehti","https://www.kaarina-lehti.fi/","localNewspaperLinks.ts","35","tarkista","kaarina-lehti.fi","kaarina-lehti.fi","ei","RDAP 429","huomio","","","","Sisältötarkistus aikakatkaistiin; Sisältötarkistus vaatii huomiota"
"26.7.2026 klo 11.37","Lehdet","Suomalaiset paikallislehdet","Tervareitti","https://www.tervareitti.fi/","localNewspaperLinks.ts","35","tarkista","tervareitti.fi","tervareitti.fi","ei","RDAP 429","huomio","","","","HTML-sivulta ei löytynyt otsikkoa; Sivun otsikko tai sisältö ei selvästi vastaa linkin nimeä; Sisältötarkistus vaatii huomiota"
"26.7.2026 klo 11.37","Paikalliset erikoislinkit","Julkinen liikenne","A. Lamminmäki Kihniö-Parkano","https://www.matkahuolto.fi/matkustajat/lamminmaen-liput-kankaanpaa-parkano","localServices.ts","35","tarkista","matkahuolto.fi","matkahuolto.fi","ei","Oy Matkahuolto Ab","huomio","Lamminmäen liput - Matkahuolto","","","Sivun otsikko tai sisältö ei selvästi vastaa linkin nimeä; Sisältötarkistus vaatii huomiota"
"26.7.2026 klo 11.37","Paikalliset erikoislinkit","Palveluliikenne","Hyrynsalmi palveluliikenne","https://hyrynsalmi.fi/asuminen-ja-ymparisto/tiet-ja-yleiset-alueet/asiointiliikenne/","localServiceTransportLinks.ts","35","tarkista","hyrynsalmi.fi","hyrynsalmi.fi","ei","RDAP 429","huomio","Asiointiliikenne - Hyrynsalmen kunta","","","Sivun otsikko tai sisältö ei selvästi vastaa linkin nimeä; Sisältötarkistus vaatii huomiota"
"26.7.2026 klo 11.37","Paikalliset erikoislinkit","Julkinen liikenne","INGSVA Go","https://www.matkahuolto.fi/matkustajat/kokkola-kristiinankaupunki","localServices.ts","35","tarkista","matkahuolto.fi","matkahuolto.fi","ei","Oy Matkahuolto Ab","huomio","Kokkola-Kristiinankaupunki | Matkahuolto - Matkahuolto","","","Sivun otsikko tai sisältö ei selvästi vastaa linkin nimeä; Sisältötarkistus vaatii huomiota"
"26.7.2026 klo 11.37","Paikalliset erikoislinkit","Palveluliikenne","Kirkkonummen lähibussit","https://kirkkonummi.fi/hsl-kirkkonummella-liikennoi-kaksi-kutsupohjaista-lahibussia/","localServiceTransportLinks.ts","35","tarkista","kirkkonummi.fi","kirkkonummi.fi","ei","Elisa Oyj","huomio","HSL: Kirkkonummella liikennöi kaksi kutsupohjaista lähibussia  - Kirkkonummi","","","Sivun otsikko tai sisältö ei selvästi vastaa linkin nimeä; Sisältötarkistus vaatii huomiota"
"26.7.2026 klo 11.37","Paikalliset erikoislinkit","Palveluliikenne","Kuhmoinen asiointiliikenne","https://www.kuhmoinen.fi/asuminen%20ja%20ymp%C3%A4rist%C3%B6/kadut%20ja%20liikenne/julkinen%20liikenne/","localServiceTransportLinks.ts","35","tarkista","kuhmoinen.fi","kuhmoinen.fi","ei","RDAP 429","huomio","This site requires javascript","","","Sivun otsikko tai sisältö ei selvästi vastaa linkin nimeä; Sisältötarkistus vaatii huomiota"
"26.7.2026 klo 11.37","Paikalliset erikoislinkit","Julkinen liikenne","Kuhmoisten julkinen liikenne","https://www.kuhmoinen.fi/asuminen%20ja%20ymp%C3%A4rist%C3%B6/kadut%20ja%20liikenne/julkinen%20liikenne/","localServices.ts","35","tarkista","kuhmoinen.fi","kuhmoinen.fi","ei","RDAP 429","huomio","This site requires javascript","","","Sivun otsikko tai sisältö ei selvästi vastaa linkin nimeä; Sisältötarkistus vaatii huomiota"
"26.7.2026 klo 11.37","Paikalliset erikoislinkit","Julkinen liikenne","Luodon joukkoliikenne","https://larsmo.fi/boende-och-miljo/vagar-bathamnar-och-almanna-omraden/vagar-och-trafikleder/kollektivtrafik/","localServices.ts","35","tarkista","larsmo.fi","larsmo.fi","ei","RDAP 429","huomio","Kollektivtrafik &#187; Larsmo Larsmo","","","Sivun otsikko tai sisältö ei selvästi vastaa linkin nimeä; Sisältötarkistus vaatii huomiota"
"26.7.2026 klo 11.37","Paikalliset erikoislinkit","Palveluliikenne","Luoto VIP-palvelulinja","https://larsmo.fi/vard-och-omsorg/seniortjanster/servicelinjen-vip/","localServiceTransportLinks.ts","35","tarkista","larsmo.fi","larsmo.fi","ei","RDAP 429","huomio","Servicelinjen VIP &#187; Larsmo Larsmo","","","Sivun otsikko tai sisältö ei selvästi vastaa linkin nimeä; Sisältötarkistus vaatii huomiota"
"26.7.2026 klo 11.37","Paikalliset erikoislinkit","Julkinen liikenne","Merijärven liikenneyhteydet","https://www.merijarvi.fi/hallinto-ja-paatoksenteko/kuntainfo","localServices.ts","35","tarkista","merijarvi.fi","merijarvi.fi","ei","RDAP 429","huomio","Kuntainfo | Merijärvi","","","Sivun otsikko tai sisältö ei selvästi vastaa linkin nimeä; Sisältötarkistus vaatii huomiota"
"26.7.2026 klo 11.37","Paikalliset erikoislinkit","Palveluliikenne","Outokumpu palveluliikenne","https://www.outokummunkaupunki.fi/asuminen-ja-ymparisto/kadut-ja-liikenne/joukkoliikenne/","localServiceTransportLinks.ts","35","tarkista","outokummunkaupunki.fi","outokummunkaupunki.fi","ei","RDAP 429","huomio","Joukkoliikenne - Outokummun kaupunki","","","Sivun otsikko tai sisältö ei selvästi vastaa linkin nimeä; Sisältötarkistus vaatii huomiota"
"26.7.2026 klo 11.37","Paikalliset erikoislinkit","Julkinen liikenne","Pietarsaaren liikenneyhteydet","https://jakobstad.fi/trafikforbindelser","localServices.ts","35","tarkista","jakobstad.fi","jakobstad.fi","ei","RDAP 429","huomio","Trafikförbindelser - Jakobstad","","","Sivun otsikko tai sisältö ei selvästi vastaa linkin nimeä; Sisältötarkistus vaatii huomiota"
"26.7.2026 klo 11.37","Paikalliset erikoislinkit","Palveluliikenne","Pietarsaari Vippari","https://jakobstad.fi/trafikforbindelser","localServiceTransportLinks.ts","35","tarkista","jakobstad.fi","jakobstad.fi","ei","RDAP 429","huomio","Trafikförbindelser - Jakobstad","","","Sivun otsikko tai sisältö ei selvästi vastaa linkin nimeä; Sisältötarkistus vaatii huomiota"
"26.7.2026 klo 11.37","Paikalliset erikoislinkit","Palveluliikenne","Rantasalmi palveluliikenne","https://rantasalmi.fi/asuminen-ja-ymparisto/kadut-ja-liikenne/asiointiliikenne/","localServiceTransportLinks.ts","35","tarkista","rantasalmi.fi","rantasalmi.fi","ei","RDAP 429","huomio","Asiointiliikenne | Rantasalmen kunta","","","Sivun otsikko tai sisältö ei selvästi vastaa linkin nimeä; Sisältötarkistus vaatii huomiota"
"26.7.2026 klo 11.37","Paikalliset erikoislinkit","Palveluliikenne","Ruovesi palveluliikenne","https://www.ruovesi.fi/ruoveden-kunnan-asiointiliikenne-kesa-2026-16-982026","localServiceTransportLinks.ts","35","tarkista","ruovesi.fi","ruovesi.fi","ei","RDAP 429","huomio","Tiedotteet - Ruoveden kunta","","","Sivun otsikko tai sisältö ei selvästi vastaa linkin nimeä; Sisältötarkistus vaatii huomiota"
"26.7.2026 klo 11.37","Paikalliset erikoislinkit","Palveluliikenne","Siilinjärvi palveluliikenne","https://siilinjarvi.fi/asuminen-ja-ymparisto/joukkoliikenne/","localServiceTransportLinks.ts","35","tarkista","siilinjarvi.fi","siilinjarvi.fi","ei","RDAP 429","huomio","Joukkoliikenne - Siilinjärven kunnan verkkosivut","","","Sivun otsikko tai sisältö ei selvästi vastaa linkin nimeä; Sisältötarkistus vaatii huomiota"
"26.7.2026 klo 11.37","Paikalliset erikoislinkit","Palveluliikenne","Uurainen kutsutaksi","https://uurainen.fi/sosiaali-ja-terveyspalvelut/ikaihmiset/ennaltaehkaiseva-tyo-ja-arjen-tukeminen/","localServiceTransportLinks.ts","35","tarkista","uurainen.fi","uurainen.fi","ei","RDAP 429","huomio","Ennaltaehkäisevä työ ja arjen tukeminen - Uuraisten kunta","","","Sivun otsikko tai sisältö ei selvästi vastaa linkin nimeä; Sisältötarkistus vaatii huomiota"
"26.7.2026 klo 11.37","Paikalliset erikoislinkit","Palveluliikenne","Vesanto palveluliikenne","https://vesanto.fi/kuuslahti-kutsutaksi/","localServiceTransportLinks.ts","35","tarkista","vesanto.fi","vesanto.fi","ei","VESANNON KUNTA","huomio","Kuuslahti/Kutsutaksi - Vesannon kunta","","","Sivun otsikko tai sisältö ei selvästi vastaa linkin nimeä; Sisältötarkistus vaatii huomiota"
"26.7.2026 klo 11.37","Paikalliset erikoislinkit","Palveluliikenne","Vihti palveluliikenne","https://www.vihti.fi/kategoria/liikenne-ja-joukkoliikenne/","localServiceTransportLinks.ts","35","tarkista","vihti.fi","vihti.fi","ei","Vihdin kunta","huomio","Liikenne ja joukkoliikenne","","","Sivun otsikko tai sisältö ei selvästi vastaa linkin nimeä; Sisältötarkistus vaatii huomiota"
"26.7.2026 klo 11.37","Paikalliset erikoislinkit","Julkinen liikenne","Vöyrin joukkoliikenne","https://www.vora.fi/tjanster/trafik-och-vagar","localServices.ts","35","tarkista","vora.fi","vora.fi","ei","RDAP 429","huomio","Vägar i Vörå Kommun","","","Sivun otsikko tai sisältö ei selvästi vastaa linkin nimeä; Sisältötarkistus vaatii huomiota"
"26.7.2026 klo 11.37","Paikalliset urheiluseurat","Kotka","FC KTP","https://fcktp.fi/","localSportsClubs.ts","35","tarkista","fcktp.fi","fcktp.fi","ei","RDAP 429","huomio","","","","HTML-sivulta ei löytynyt otsikkoa; Sivun otsikko tai sisältö ei selvästi vastaa linkin nimeä; Sisältötarkistus vaatii huomiota"
"26.7.2026 klo 11.37","Paikalliset urheiluseurat","Joensuu","Joensuun Maila","https://joensuunmaila.fi/","localSportsClubs.ts","35","tarkista","joensuunmaila.fi","joensuunmaila.fi","ei","JOENSUUN MAILA R.Y.","huomio","Joensuun Maila | Joensuun Maila","","","Sivu vaikuttaa parkkisivulta tai myytävältä domainilta; Sisältötarkistus vaatii huomiota"
"26.7.2026 klo 11.37","Paikalliset urheiluseurat","Kuopio","KalPa","https://kalpa.fi/","localSportsClubs.ts","35","tarkista","kalpa.fi","kalpa.fi","ei","RDAP 429","huomio","Kalevan Pallo | KalPa","","","Sivu vaikuttaa parkkisivulta tai myytävältä domainilta; Sisältötarkistus vaatii huomiota"
"26.7.2026 klo 11.37","Paikalliset urheiluseurat","Kerava","KP-75","https://www.kp-75.fi/","localSportsClubs.ts","35","tarkista","kp-75.fi","kp-75.fi","ei","RDAP 429","huomio","KP-75","","","Sivun otsikko tai sisältö ei selvästi vastaa linkin nimeä; Sisältötarkistus vaatii huomiota"
"26.7.2026 klo 11.37","Paikalliset urheiluseurat","Keski-Uusimaa","PK Keski-Uusimaa","https://pkku.fi/","localSportsClubs.ts","35","tarkista","pkku.fi","pkku.fi","ei","Pallokerho Keski-Uusimaa ry","huomio","","","","HTML-sivulta ei löytynyt otsikkoa; Sivun otsikko tai sisältö ei selvästi vastaa linkin nimeä; Sisältötarkistus vaatii huomiota"
"26.7.2026 klo 11.37","Paikalliset urheiluseurat","Lappeenranta","SaiPa","https://saipa.fi/","localSportsClubs.ts","35","tarkista","saipa.fi","saipa.fi","ei","RDAP 429","huomio","Lappeenrannan SaiPa | SaiPa","","","Sivu vaikuttaa parkkisivulta tai myytävältä domainilta; Sisältötarkistus vaatii huomiota"
"26.7.2026 klo 11.37","Paikalliset urheiluseurat","Tampere","Tappara","https://www.tappara.fi/","localSportsClubs.ts","35","tarkista","tappara.fi","tappara.fi","ei","RDAP 429","huomio","Etusivu | Tappara","","","Sivu vaikuttaa parkkisivulta tai myytävältä domainilta; Sisältötarkistus vaatii huomiota"
"26.7.2026 klo 11.37","Paikalliset urheiluseurat","Turku","TPS","https://fc.tps.fi/","localSportsClubs.ts","35","tarkista","tps.fi","tps.fi","ei","RDAP 429","huomio","FC TPS - TPS Jalkapallo","","","Sivun otsikko tai sisältö ei selvästi vastaa linkin nimeä; Sisältötarkistus vaatii huomiota"
"26.7.2026 klo 11.37","Paikalliset urheiluseurat","Vaasa","Vaasan Sport","https://vaasansport.fi/","localSportsClubs.ts","35","tarkista","vaasansport.fi","vaasansport.fi","ei","RDAP 429","huomio","Vaasan Sport | Vaasan Sport","","","Sivu vaikuttaa parkkisivulta tai myytävältä domainilta; Sisältötarkistus vaatii huomiota"
"26.7.2026 klo 11.37","Palvelukategoriat","Puhelinnumerot","Aktia kortin sulkupalvelu","https://seniorsurf.fi/materiaalipankki/verkkopankit-ja-mobiilipankit/","constants.tsx","35","tarkista","seniorsurf.fi","seniorsurf.fi","ei","RDAP 429","huomio","Verkkopankit ja mobiilipankit &#8212; SeniorSurf","","","Sivun otsikko tai sisältö ei selvästi vastaa linkin nimeä; Sisältötarkistus vaatii huomiota"
"26.7.2026 klo 11.37","Palvelukategoriat","Puhelinnumerot","Danske Bank kortin sulkupalvelu","https://seniorsurf.fi/materiaalipankki/verkkopankit-ja-mobiilipankit/","constants.tsx","35","tarkista","seniorsurf.fi","seniorsurf.fi","ei","RDAP 429","huomio","Verkkopankit ja mobiilipankit &#8212; SeniorSurf","","","Sivun otsikko tai sisältö ei selvästi vastaa linkin nimeä; Sisältötarkistus vaatii huomiota"
"26.7.2026 klo 11.37","Palvelukategoriat","Koti","Etuovi","https://www.etuovi.com","constants.tsx","35","tarkista","etuovi.com","etuovi.com","ei","RDAP 429","huomio","Etuovi.com - Myytävät asunnot | Suomen paras asuntohaku - yli 100 000 ilmoitusta","","","Sivu vaikuttaa parkkisivulta tai myytävältä domainilta; Sisältötarkistus vaatii huomiota"
"26.7.2026 klo 11.37","Palvelukategoriat","Hakukoneet","Google","https://www.google.fi/","constants.tsx","35","tarkista","google.fi","google.fi","ei","Google LLC","huomio","","","","Sisältötarkistus aikakatkaistiin; Sisältötarkistus vaatii huomiota"
"26.7.2026 klo 11.37","Palvelukategoriat","Liikenne","Google Maps","https://www.google.com/maps","constants.tsx","35","tarkista","google.com","google.com","ei","MarkMonitor Inc.","huomio","","","","Sisältötarkistus aikakatkaistiin; Sisältötarkistus vaatii huomiota"
"26.7.2026 klo 11.37","Palvelukategoriat","Tiede","Heureka","https://www.heureka.fi","constants.tsx","35","tarkista","heureka.fi","heureka.fi","ei","Tiedekeskussäätiö","huomio","Heureka &ndash; Tiedekeskus Heureka","","","Sivu vaikuttaa parkkisivulta tai myytävältä domainilta; Sisältötarkistus vaatii huomiota"
"26.7.2026 klo 11.37","Palvelukategoriat","Sovellukset","Huawei AppGallery","https://appgallery.huawei.com","constants.tsx","35","tarkista","huawei.com","huawei.com","ei","RDAP 429","huomio","","","","HTML-sivulta ei löytynyt otsikkoa; Sivun otsikko tai sisältö ei selvästi vastaa linkin nimeä; Sisältötarkistus vaatii huomiota"
"26.7.2026 klo 11.37","Palvelukategoriat","Liikenne","Jouko reittiopas","https://lappeenranta.fi/fi/liikenne-ja-kaupunkiymparisto/joukkoliikenne-ja-muut-liikkumispalvelut/lappeenrannan-seudun-joukkoliikenne/reitit-ja-aikataulut","constants.tsx","35","tarkista","lappeenranta.fi","lappeenranta.fi","ei","Meidän IT ja talous Oy","huomio","Reitit ja aikataulut - Lappeenranta","","","Sivun otsikko tai sisältö ei selvästi vastaa linkin nimeä; Sisältötarkistus vaatii huomiota"
"26.7.2026 klo 11.37","Palvelukategoriat","Teatterit","Klockriketeatern","https://www.klockrike.fi/sv/start/","constants.tsx","35","tarkista","klockrike.fi","klockrike.fi","ei","RDAP 429","huomio","Start - klockrike.fi","","","Sivun otsikko tai sisältö ei selvästi vastaa linkin nimeä; Sisältötarkistus vaatii huomiota"
"26.7.2026 klo 11.37","Palvelukategoriat","Liikenne","Koutsi reittiopas","https://kouvola.digitransit.fi/","constants.tsx","35","tarkista","digitransit.fi","digitransit.fi","ei","HSL Helsingin seudun liikenne","huomio","Digitransit-reittiopas","","","HTML-sivulta ei löytynyt otsikkoa; Sisältötarkistus vaatii huomiota"
"26.7.2026 klo 11.37","Palvelukategoriat","Eläkeyhdistykset","Kuurojen Liitto - senioreille","https://kuurojenliitto.fi/senioreille/","constants.tsx","35","tarkista","kuurojenliitto.fi","kuurojenliitto.fi","ei","KUUROJEN LIITTO RY","huomio","","","","Sisältötarkistus aikakatkaistiin; Sisältötarkistus vaatii huomiota"
"26.7.2026 klo 11.37","Palvelukategoriat","Liikenne","Linkki reittiopas","https://jyvaskyla.digitransit.fi/","constants.tsx","35","tarkista","digitransit.fi","digitransit.fi","ei","HSL Helsingin seudun liikenne","huomio","Digitransit-reittiopas","","","HTML-sivulta ei löytynyt otsikkoa; Sisältötarkistus vaatii huomiota"
"26.7.2026 klo 11.37","Palvelukategoriat","Liikenne","Matkahuollon reittiopas","https://reittiopas.matkahuolto.fi/","constants.tsx","35","tarkista","matkahuolto.fi","matkahuolto.fi","ei","Oy Matkahuolto Ab","huomio","Paremmin perillä","","","HTML-sivulta ei löytynyt otsikkoa; Sivun otsikko tai sisältö ei selvästi vastaa linkin nimeä; Sisältötarkistus vaatii huomiota"
"26.7.2026 klo 11.37","Palvelukategoriat","Liikenne","Nysse reittiopas","https://reittiopas.tampere.fi/","constants.tsx","35","tarkista","tampere.fi","tampere.fi","ei","RDAP 429","huomio","Digitransit-reittiopas","","","HTML-sivulta ei löytynyt otsikkoa; Sisältötarkistus vaatii huomiota"
"26.7.2026 klo 11.37","Palvelukategoriat","Pankit","OP","https://www.op.fi","constants.tsx","35","tarkista","op.fi","op.fi","ei","RDAP 429","huomio","Op.fi verkkopalvelu | OP","","","Sivun otsikko tai sisältö ei selvästi vastaa linkin nimeä; Sisältötarkistus vaatii huomiota"
"26.7.2026 klo 11.37","Palvelukategoriat","Puhelinnumerot","OP kortin sulkupalvelu","https://seniorsurf.fi/materiaalipankki/verkkopankit-ja-mobiilipankit/","constants.tsx","35","tarkista","seniorsurf.fi","seniorsurf.fi","ei","RDAP 429","huomio","Verkkopankit ja mobiilipankit &#8212; SeniorSurf","","","Sivun otsikko tai sisältö ei selvästi vastaa linkin nimeä; Sisältötarkistus vaatii huomiota"
"26.7.2026 klo 11.37","Palvelukategoriat","Liikenne","Porin reittiopas","https://pori.digitransit.fi/","constants.tsx","35","tarkista","digitransit.fi","digitransit.fi","ei","HSL Helsingin seudun liikenne","huomio","Digitransit-reittiopas","","","HTML-sivulta ei löytynyt otsikkoa; Sisältötarkistus vaatii huomiota"
"26.7.2026 klo 11.37","Palvelukategoriat","Teatterit","Rakastajat-teatteri","https://rakastajat.fi/","constants.tsx","35","tarkista","rakastajat.fi","rakastajat.fi","ei","RDAP 429","huomio","Teatteria, stand upia, keikkoja ja tapahtumia Porissa | Rakastajat-teatteri","","","Sivu vaikuttaa parkkisivulta tai myytävältä domainilta; Sisältötarkistus vaatii huomiota"
"26.7.2026 klo 11.37","Palvelukategoriat","Eläkeyhdistykset","Sateenkaariseniorit - ryhmätoiminta","https://www.sateenkaariseniorit.fi/ryhm%C3%A4toiminta","constants.tsx","35","tarkista","sateenkaariseniorit.fi","sateenkaariseniorit.fi","ei","Sateenkaariseniorit ry","huomio","","","","Sisältötarkistus aikakatkaistiin; Sisältötarkistus vaatii huomiota"
"26.7.2026 klo 11.37","Palvelukategoriat","Eläkeyhdistykset","Sateenkaariseniorit ry","https://www.sateenkaariseniorit.fi/","constants.tsx","35","tarkista","sateenkaariseniorit.fi","sateenkaariseniorit.fi","ei","Sateenkaariseniorit ry","huomio","","","","Sisältötarkistus aikakatkaistiin; Sisältötarkistus vaatii huomiota"
"26.7.2026 klo 11.37","Palvelukategoriat","Koti","Suomen kotikorjaukset","https://kotikorjaukset.fi/","constants.tsx","35","tarkista","kotikorjaukset.fi","kotikorjaukset.fi","ei","RDAP 429","huomio","Pyörätuoliluiska ja Invaramppi Helsinki, Espoo, Vantaa","","","Sivun otsikko tai sisältö ei selvästi vastaa linkin nimeä; Sisältötarkistus vaatii huomiota"
"26.7.2026 klo 11.37","Palvelukategoriat","Kirjallisuus","Sähköiset kirjat (Ellibs)","https://www.ellibs.com/fi/","constants.tsx","35","tarkista","ellibs.com","ellibs.com","ei","CSL Computer Service Langenbach GmbH d/b/a joker.com","huomio","","","","Sisältötarkistus aikakatkaistiin; Sisältötarkistus vaatii huomiota"
"26.7.2026 klo 11.37","Palvelukategoriat","Urheilu","Tulospalvelu.fi","https://www.tulospalvelu.fi","constants.tsx","35","tarkista","tulospalvelu.fi","tulospalvelu.fi","ei","RDAP 429","huomio","","","","HTML-sivulta ei löytynyt otsikkoa; Sivun otsikko tai sisältö ei selvästi vastaa linkin nimeä; Sisältötarkistus vaatii huomiota"
"26.7.2026 klo 11.37","Palvelukategoriat","Hengellisyys","TV7","https://www.tv7.fi","constants.tsx","35","tarkista","tv7.fi","tv7.fi","ei","RDAP 429","huomio","TV7 - Kun sisältö ratkaisee","","","Sivun otsikko tai sisältö ei selvästi vastaa linkin nimeä; Sisältötarkistus vaatii huomiota"
"26.7.2026 klo 11.37","Palvelukategoriat","Puhelinnumerot","Ålandsbanken Internetkonttorin sulku","https://seniorsurf.fi/materiaalipankki/verkkopankit-ja-mobiilipankit/","constants.tsx","35","tarkista","seniorsurf.fi","seniorsurf.fi","ei","RDAP 429","huomio","Verkkopankit ja mobiilipankit &#8212; SeniorSurf","","","Sivun otsikko tai sisältö ei selvästi vastaa linkin nimeä; Sisältötarkistus vaatii huomiota"
"26.7.2026 klo 11.37","Uutisvirrat","Reisjärvi","Reisjärvi uutiset","https://www.reisjarvi.fi/rss.xml","municipalityNewsFeeds.ts","35","tarkista","reisjarvi.fi","reisjarvi.fi","ei","RDAP 429","huomio","","","","Sisältötarkistus aikakatkaistiin; Sisältötarkistus vaatii huomiota"
"26.7.2026 klo 11.37","Uutisvirrat","Seinäjoki","Seinäjoki uutiset","https://www.seinajoki.fi/feed/","municipalityNewsFeeds.ts","35","tarkista","seinajoki.fi","seinajoki.fi","ei","RDAP 429","huomio","","","","Sisältötarkistus aikakatkaistiin; Sisältötarkistus vaatii huomiota"
"26.7.2026 klo 11.37","Uutisvirrat","Siilinjärvi","Siilinjärvi uutiset","https://siilinjarvi.fi/feed/","municipalityNewsFeeds.ts","35","tarkista","siilinjarvi.fi","siilinjarvi.fi","ei","RDAP 429","huomio","","","","Sisältötarkistus aikakatkaistiin; Sisältötarkistus vaatii huomiota"
"26.7.2026 klo 11.37","Kuntien kieliversiot","sv","föglö (sv)","https://www.foglo.ax/","municipalityWebsiteLocales.ts","30","tarkista","foglo.ax","foglo.ax","ei","RDAP 429","ei tarkistettu","","","","HTTP 429; HTTP 429"
"26.7.2026 klo 11.37","Kuntien verkkosivut","Kunta","eurajoki","https://www.eurajoki.fi/","municipalityWebsites.ts","30","tarkista","eurajoki.fi","eurajoki.fi","ei","RDAP 429","ei tarkistettu","","","","HTTP 403; HTTP 403"
"26.7.2026 klo 11.37","Lehdet","Suomalaiset paikallislehdet","Järviseudun Sanomat","https://www.jarviseudunsanomat.fi/","localNewspaperLinks.ts","30","tarkista","jarviseudunsanomat.fi","jarviseudunsanomat.fi","ei","RDAP 429","ei tarkistettu","","","","HTTP 403; HTTP 403"
"26.7.2026 klo 11.37","Paikalliset erikoislinkit","Julkinen liikenne","HSL","https://www.hsl.fi/","localServices.ts","30","tarkista","hsl.fi","hsl.fi","ei","HSL Helsingin seudun liikenne","ei tarkistettu","","","","HTTP 403; HTTP 403"
"26.7.2026 klo 11.37","Paikalliset erikoislinkit","Palveluliikenne","HSL Espoon lähibussit","https://www.hsl.fi/matkustaminen/lahibussit","localServiceTransportLinks.ts","30","tarkista","hsl.fi","hsl.fi","ei","HSL Helsingin seudun liikenne","ei tarkistettu","","","","HTTP 403; HTTP 403"
"26.7.2026 klo 11.37","Paikalliset erikoislinkit","Julkinen liikenne","OnniBus Kyyjärvi","https://www.onnibus.com/kyyjarvi-kauppakeskus-paletti","localServices.ts","30","tarkista","onnibus.com","onnibus.com","ei","RDAP 429","ei tarkistettu","","","","HTTP 403; HTTP 403"
"26.7.2026 klo 11.37","Paikalliset erikoislinkit","Palveluliikenne","Siuntion Avainlinjat","https://www.hsl.fi/matkustaminen/lahibussit","localServiceTransportLinks.ts","30","tarkista","hsl.fi","hsl.fi","ei","HSL Helsingin seudun liikenne","ei tarkistettu","","","","HTTP 403; HTTP 403"
"26.7.2026 klo 11.37","Palvelukategoriat","Sovellukset","112 Suomi","https://112.fi","constants.tsx","30","tarkista","112.fi","112.fi","ei","RDAP 429","ei tarkistettu","","","","HTTP 429; HTTP 429"
"26.7.2026 klo 11.37","Palvelukategoriat","Turvallisuus","112.fi - Hätäkeskus","https://112.fi","constants.tsx","30","tarkista","112.fi","112.fi","ei","RDAP 429","ei tarkistettu","","","","HTTP 429; HTTP 429"
"26.7.2026 klo 11.37","Palvelukategoriat","Kirjallisuus","Adlibris","https://www.adlibris.com","constants.tsx","30","tarkista","adlibris.com","adlibris.com","ei","RDAP 429","ei tarkistettu","","","","HTTP 429; HTTP 429"
"26.7.2026 klo 11.37","Palvelukategoriat","Julkiset palvelut","Digi- ja väestötietovirasto","https://dvv.fi","constants.tsx","30","tarkista","dvv.fi","dvv.fi","ei","Digi- ja väestötietovirasto","ei tarkistettu","","","","HTTP 429; HTTP 429"
"26.7.2026 klo 11.37","Palvelukategoriat","Oikeus","Eduskunnan oikeusasiamies","https://www.oikeusasiamies.fi","constants.tsx","30","tarkista","oikeusasiamies.fi","oikeusasiamies.fi","ei","RDAP 429","ei tarkistettu","","","","HTTP 429; HTTP 429"
"26.7.2026 klo 11.37","Palvelukategoriat","Liikunta","Helsinki - etäliikuntavideot","https://www.hel.fi/fi/kulttuuri-ja-vapaa-aika/itsenaisesti-katsottavat-etaliikuntavideot","constants.tsx","30","tarkista","hel.fi","hel.fi","ei","Elisa Oyj","ei tarkistettu","","","","HTTP 403; HTTP 403"
"26.7.2026 klo 11.37","Palvelukategoriat","Liikenne","HSL","https://www.hsl.fi/","constants.tsx","30","tarkista","hsl.fi","hsl.fi","ei","HSL Helsingin seudun liikenne","ei tarkistettu","","","","HTTP 403; HTTP 403"
"26.7.2026 klo 11.37","Palvelukategoriat","Ruoka","K-Ruoka","https://www.k-ruoka.fi","constants.tsx","30","tarkista","k-ruoka.fi","k-ruoka.fi","ei","RDAP 429","ei tarkistettu","","","","HTTP 403; HTTP 403"
"26.7.2026 klo 11.37","Palvelukategoriat","Verkkokaupat","K-Ruoka Kauppa","https://www.k-ruoka.fi/kauppa","constants.tsx","30","tarkista","k-ruoka.fi","k-ruoka.fi","ei","RDAP 429","ei tarkistettu","","","","HTTP 403; HTTP 403"
"26.7.2026 klo 11.37","Palvelukategoriat","Terveys","Mehiläinen","https://www.mehilainen.fi","constants.tsx","30","tarkista","mehilainen.fi","mehilainen.fi","ei","RDAP 429","ei tarkistettu","","","","HTTP 429; HTTP 429"
"26.7.2026 klo 11.37","Palvelukategoriat","Liikenne","OnniBus","https://www.onnibus.com","constants.tsx","30","tarkista","onnibus.com","onnibus.com","ei","RDAP 429","ei tarkistettu","","","","HTTP 403; HTTP 403"
"26.7.2026 klo 11.37","Palvelukategoriat","Turvallisuus","Pelastustoimi","https://pelastustoimi.fi","constants.tsx","30","tarkista","pelastustoimi.fi","pelastustoimi.fi","ei","Sisäministeriö pelastustoimi","ei tarkistettu","","","","HTTP 429; HTTP 429"
"26.7.2026 klo 11.37","Palvelukategoriat","Turvallisuus","Poliisi","https://poliisi.fi","constants.tsx","30","tarkista","poliisi.fi","poliisi.fi","ei","RDAP 429","ei tarkistettu","","","","HTTP 429; HTTP 429"
"26.7.2026 klo 11.37","Palvelukategoriat","Hengellisyys","Raamattu.fi","https://raamattu.fi","constants.tsx","30","tarkista","raamattu.fi","raamattu.fi","ei","Kirkon Keskusrahasto","ei tarkistettu","","","","HTTP 403; HTTP 403"
"26.7.2026 klo 11.37","Palvelukategoriat","Oikeus","Tasa-arvovaltuutettu","https://tasa-arvo.fi/","constants.tsx","30","tarkista","tasa-arvo.fi","tasa-arvo.fi","ei","RDAP 429","ei tarkistettu","","","","HTTP 429; HTTP 429"
"26.7.2026 klo 11.37","Palvelukategoriat","Terveys","THL","https://thl.fi","constants.tsx","30","tarkista","thl.fi","thl.fi","ei","RDAP 429","ei tarkistettu","","","","HTTP 429; HTTP 429"
"26.7.2026 klo 11.37","Palvelukategoriat","Oikeus","Tietosuojavaltuutettu","https://tietosuoja.fi","constants.tsx","30","tarkista","tietosuoja.fi","tietosuoja.fi","ei","RDAP 429","ei tarkistettu","","","","HTTP 429; HTTP 429"
"26.7.2026 klo 11.37","Palvelukategoriat","Julkiset palvelut","Tulli","https://www.tulli.fi/","constants.tsx","30","tarkista","tulli.fi","tulli.fi","ei","Tulli","ei tarkistettu","","","","HTTP 429; HTTP 429"
"26.7.2026 klo 11.37","Palvelukategoriat","Oikeus","Yhdenvertaisuusvaltuutettu","https://yhdenvertaisuusvaltuutettu.fi/","constants.tsx","30","tarkista","yhdenvertaisuusvaltuutettu.fi","yhdenvertaisuusvaltuutettu.fi","ei","RDAP 429","ei tarkistettu","","","","HTTP 429; HTTP 429"
"26.7.2026 klo 11.37","Hyvinvointialueet","Hyvinvointialue","Hyvinvointialue 16","https://www.hyvaep.fi/","localServices.ts","20","tarkista","hyvaep.fi","hyvaep.fi","ei","RDAP 429","ei tarkistettu","","verified","A","HTTP 500; HTTP 500; Manuaalinen tila: verified"
"26.7.2026 klo 11.37","Hyvinvointialueet","Hyvinvointialue","Hyvinvointialue 16","https://www.hyvaep.fi/ajankohtaista/","localServices.ts","20","tarkista","hyvaep.fi","hyvaep.fi","ei","RDAP 429","ei tarkistettu","","verified","A","HTTP 500; HTTP 500; Manuaalinen tila: verified"
