"Päivitetty","Osio","Kategoria","Nimi","URL","Lähde","Tarkistus","HTTP","Turvallisuus","Lopullinen URL","Alkuperäinen domain","Lopullinen domain","Domain vaihtui","RDAP-signaali","Sisältösignaali","Sivun otsikko","Riskipisteet","Suositus","Manuaalinen tila","Luottamustaso","Huomiot"
"26.7.2026 klo 11.37","Alueelliset uutislähteet","Alueelliset uutiset","Aamulehti","https://www.aamulehti.fi/","localServices.ts","ok","200","ok","https://www.aamulehti.fi/","aamulehti.fi","aamulehti.fi","ei","Sanoma Media Finland Oy","huomio","Tampereen ja Pirkanmaan tärkeimmät uutiset, parhaat live-lähetykset, mielenkiintoisimmat ilmiöt ja ihmiset. Lue ja katso!","35","tarkista","","","HTML-sivulta ei löytynyt otsikkoa; Sisältötarkistus vaatii huomiota"
"26.7.2026 klo 11.37","Alueelliset uutislähteet","Alueelliset uutiset","Salon Seudun Sanomat","https://www.sss.fi/","localServices.ts","ok","200","ok","https://www.sss.fi/","sss.fi","sss.fi","ei","RDAP 429","huomio","Etusivu - SSS.fi","35","tarkista","","","Sivun otsikko tai sisältö ei selvästi vastaa linkin nimeä; Sisältötarkistus vaatii huomiota"
"26.7.2026 klo 11.37","Hyvinvointialueet","Hyvinvointialue","Hyvinvointialue 08","https://www.pirha.fi/ajankohtaista/pirha-nyt","localServices.ts","ok","200","ok","https://www.pirha.fi/ajankohtaista/pirha-nyt","pirha.fi","pirha.fi","ei","RDAP 429","huomio","Pirha nyt - pirha.fi","35","tarkista","","","Sivun otsikko tai sisältö ei selvästi vastaa linkin nimeä; Sisältötarkistus vaatii huomiota"
"26.7.2026 klo 11.37","Hyvinvointialueet","Hyvinvointialue","Hyvinvointialue 14","https://www.siunsote.fi/","localServices.ts","ok","200","ok","https://www.siunsote.fi/","siunsote.fi","siunsote.fi","ei","RDAP 429","huomio","Etusivu - Siun sote","35","tarkista","","","Sivun otsikko tai sisältö ei selvästi vastaa linkin nimeä; Sisältötarkistus vaatii huomiota"
"26.7.2026 klo 11.37","Hyvinvointialueet","Hyvinvointialue","Hyvinvointialue 14","https://www.siunsote.fi/ajankohtaista/","localServices.ts","ok","200","ok","https://www.siunsote.fi/ajankohtaista/","siunsote.fi","siunsote.fi","ei","RDAP 429","huomio","Ajankohtaista - Siun sote","35","tarkista","","","Sivun otsikko tai sisältö ei selvästi vastaa linkin nimeä; Sisältötarkistus vaatii huomiota"
"26.7.2026 klo 11.37","Hyvinvointialueet","Hyvinvointialue","Hyvinvointialue 16","https://www.hyvaep.fi/","localServices.ts","huomio","500","ok","https://www.hyvaep.fi/","hyvaep.fi","hyvaep.fi","ei","RDAP 429","ei tarkistettu","","20","tarkista","verified","A","HTTP 500; HTTP 500; Manuaalinen tila: verified"
"26.7.2026 klo 11.37","Hyvinvointialueet","Hyvinvointialue","Hyvinvointialue 16","https://www.hyvaep.fi/ajankohtaista/","localServices.ts","huomio","500","ok","https://www.hyvaep.fi/ajankohtaista/","hyvaep.fi","hyvaep.fi","ei","RDAP 429","ei tarkistettu","","20","tarkista","verified","A","HTTP 500; HTTP 500; Manuaalinen tila: verified"
"26.7.2026 klo 11.37","Hyvinvointialueet","Hyvinvointialue","Hyvinvointialue 19","https://pohde.fi/ajankohtaista/","localServices.ts","ok","200","ok","https://pohde.fi/ajankohtaista/","pohde.fi","pohde.fi","ei","Istekki Oy","huomio","Ajankohtaista - Pohde","35","tarkista","","","Sivun otsikko tai sisältö ei selvästi vastaa linkin nimeä; Sisältötarkistus vaatii huomiota"
"26.7.2026 klo 11.37","Hyvinvointialueet","Hyvinvointialue","Hyvinvointialue 90","https://www.hel.fi/fi/sosiaali-ja-terveyspalvelut","localServices.ts","ok","200","ok","https://www.hel.fi/fi/sosiaali-ja-terveyspalvelut","hel.fi","hel.fi","ei","Elisa Oyj","huomio","Sosiaali- ja terveyspalvelut | Helsingin kaupunki","35","tarkista","","","Sivun otsikko tai sisältö ei selvästi vastaa linkin nimeä; Sisältötarkistus vaatii huomiota"
"26.7.2026 klo 11.37","Hyvinvointialueet","Hyvinvointialue","Hyvinvointialue 90","https://www.hel.fi/fi/uutiset","localServices.ts","ok","200","ok","https://www.hel.fi/fi/uutiset","hel.fi","hel.fi","ei","Elisa Oyj","huomio","Ajankohtaista | Helsingin kaupunki","35","tarkista","","","Sivun otsikko tai sisältö ei selvästi vastaa linkin nimeä; Sisältötarkistus vaatii huomiota"
"26.7.2026 klo 11.37","Hyvinvointialueet","Hyvinvointialue","Hyvinvointialue 91","https://www.ahs.ax/nyheter","localServices.ts","ok","200","ok","https://www.ahs.ax/nyheter","ahs.ax","ahs.ax","ei","RDAP 404","huomio","Nyheter | Ålands hälso- och sjukvård","35","tarkista","","","Sivun otsikko tai sisältö ei selvästi vastaa linkin nimeä; Sisältötarkistus vaatii huomiota"
"26.7.2026 klo 11.37","Hyvinvointialueet","Hyvinvointialue","Hyvinvointialue 91","https://www.aland.ax/sv","localServices.ts","ok","206","ok","https://www.aland.ax/sv","aland.ax","aland.ax","ei","RDAP 404","huomio","Startsida | Åland.ax","35","tarkista","","","Sivun otsikko tai sisältö ei selvästi vastaa linkin nimeä; Sisältötarkistus vaatii huomiota"
"26.7.2026 klo 11.37","Kuntien kieliversiot","en","helsinki (en)","https://www.hel.fi/en/frontpage","municipalityWebsiteLocales.ts","ok","200","ok","https://www.hel.fi/en","hel.fi","hel.fi","ei","Elisa Oyj","huomio","Frontpage | City of Helsinki","35","tarkista","","","Sivu vaikuttaa parkkisivulta tai myytävältä domainilta; Sisältötarkistus vaatii huomiota"
"26.7.2026 klo 11.37","Kuntien kieliversiot","en","juuka (en)","https://www.juuka.fi/en/web/english","municipalityWebsiteLocales.ts","huomio","404","ok","https://www.juuka.fi/en/web/english","juuka.fi","juuka.fi","ei","RDAP 429","ei tarkistettu","","70","piilota","","","HTTP 404; HTTP 404"
"26.7.2026 klo 11.37","Kuntien kieliversiot","en","jyväskylä (en)","https://www.jyvaskyla.fi/en","municipalityWebsiteLocales.ts","ok","200","ok","https://www.jyvaskyla.fi/en","jyvaskyla.fi","jyvaskyla.fi","ei","RDAP 429","huomio","City of Jyväskylä | Jyväskylä.fi","35","tarkista","","","Sivu vaikuttaa parkkisivulta tai myytävältä domainilta; Sisältötarkistus vaatii huomiota"
"26.7.2026 klo 11.37","Kuntien kieliversiot","en","kemiönsaari (en)","https://en.kimitoon.fi/","municipalityWebsiteLocales.ts","ok","200","ok","https://en.kimitoon.fi/","kimitoon.fi","kimitoon.fi","ei","RDAP 429","huomio","Kimitoön","35","tarkista","","","Sivun otsikko tai sisältö ei selvästi vastaa linkin nimeä; Sisältötarkistus vaatii huomiota"
"26.7.2026 klo 11.37","Kuntien kieliversiot","en","kouvola (en)","https://www.kouvola.fi/en/","municipalityWebsiteLocales.ts","ok","200","ok","https://www.kouvola.fi/en/","kouvola.fi","kouvola.fi","ei","RDAP 429","huomio","Living in Kouvola - The City of Kouvola","35","tarkista","","","Sivu vaikuttaa parkkisivulta tai myytävältä domainilta; Sisältötarkistus vaatii huomiota"
"26.7.2026 klo 11.37","Kuntien kieliversiot","en","kristiinankaupunki (en)","https://www.kristinestad.fi/start/","municipalityWebsiteLocales.ts","ok","200","ok","https://www.kristinestad.fi/start/","kristinestad.fi","kristinestad.fi","ei","RDAP 429","huomio","Start &raquo; Kristinestad in English","35","tarkista","","","Sivu vaikuttaa parkkisivulta tai myytävältä domainilta; Sivun otsikko tai sisältö ei selvästi vastaa linkin nimeä; Sisältötarkistus vaatii huomiota"
"26.7.2026 klo 11.37","Kuntien kieliversiot","en","kustavi (en)","https://kustavi.fi/en/","municipalityWebsiteLocales.ts","ok","200","ok","https://kustavi.fi/en/","kustavi.fi","kustavi.fi","ei","RDAP 429","huomio","","35","tarkista","","","HTML-sivulta ei löytynyt otsikkoa; Sivun otsikko tai sisältö ei selvästi vastaa linkin nimeä; Sisältötarkistus vaatii huomiota"
"26.7.2026 klo 11.37","Kuntien kieliversiot","en","luoto (en)","https://larsmo.fi/en/frontpage/","municipalityWebsiteLocales.ts","ok","200","ok","https://larsmo.fi/en/frontpage/","larsmo.fi","larsmo.fi","ei","RDAP 429","huomio","Frontpage &#187; Larsmo","35","tarkista","","","Sivun otsikko tai sisältö ei selvästi vastaa linkin nimeä; Sisältötarkistus vaatii huomiota"
"26.7.2026 klo 11.37","Kuntien kieliversiot","en","maalahti (en)","https://www.malax.fi/en/","municipalityWebsiteLocales.ts","ok","200","ok","https://www.malax.fi/en/","malax.fi","malax.fi","ei","RDAP 429","huomio","Malax, the place to be! &raquo; Maalahden kunta","35","tarkista","","","Sivun otsikko tai sisältö ei selvästi vastaa linkin nimeä; Sisältötarkistus vaatii huomiota"
"26.7.2026 klo 11.37","Kuntien kieliversiot","en","naantali (en)","https://www.naantali.fi/en","municipalityWebsiteLocales.ts","ok","200","ok","https://www.naantali.fi/en","naantali.fi","naantali.fi","ei","RDAP 429","huomio","Naantali.fi","35","tarkista","","","Sivu vaikuttaa parkkisivulta tai myytävältä domainilta; Sisältötarkistus vaatii huomiota"
"26.7.2026 klo 11.37","Kuntien kieliversiot","en","outokumpu (en)","https://www.outokummunkaupunki.fi/in-english/","municipalityWebsiteLocales.ts","ok","200","ok","https://www.outokummunkaupunki.fi/in-english/","outokummunkaupunki.fi","outokummunkaupunki.fi","ei","RDAP 429","huomio","In English - Outokummun kaupunki","35","tarkista","","","Sivun otsikko tai sisältö ei selvästi vastaa linkin nimeä; Sisältötarkistus vaatii huomiota"
"26.7.2026 klo 11.37","Kuntien kieliversiot","en","rantasalmi (en)","https://www.rantasalmi.fi/en/","municipalityWebsiteLocales.ts","huomio","404","ok","https://rantasalmi.fi/en/","rantasalmi.fi","rantasalmi.fi","ei","RDAP 429","ei tarkistettu","","70","piilota","","","HTTP 404; HTTP 404"
"26.7.2026 klo 11.37","Kuntien kieliversiot","en","rovaniemi (en)","https://international.rovaniemi.fi/","municipalityWebsiteLocales.ts","ok","200","ok","https://international.rovaniemi.fi/","rovaniemi.fi","rovaniemi.fi","ei","RDAP 429","huomio","Rovaniemi - Arctic Capital - Rovaniemi - Arctic Capital","35","tarkista","","","Sivu vaikuttaa parkkisivulta tai myytävältä domainilta; Sisältötarkistus vaatii huomiota"
"26.7.2026 klo 11.37","Kuntien kieliversiot","en","ruovesi (en)","https://www.ruovesi.fi/tourists/","municipalityWebsiteLocales.ts","ok","200","ok","https://www.ruovesi.fi/for-tourists","ruovesi.fi","ruovesi.fi","ei","RDAP 429","huomio","For Tourists - Ruoveden kunta","35","tarkista","","","Sivun otsikko tai sisältö ei selvästi vastaa linkin nimeä; Sisältötarkistus vaatii huomiota"
"26.7.2026 klo 11.37","Kuntien kieliversiot","en","salo (en)","https://salo.fi/en/","municipalityWebsiteLocales.ts","ok","200","ok","https://salo.fi/en/","salo.fi","salo.fi","ei","RDAP 429","huomio","Front page - Salo","35","tarkista","","","Sivu vaikuttaa parkkisivulta tai myytävältä domainilta; Sisältötarkistus vaatii huomiota"
"26.7.2026 klo 11.37","Kuntien kieliversiot","en","savonlinna (en)","https://www.savonlinna.fi/en/","municipalityWebsiteLocales.ts","ok","200","ok","https://www.savonlinna.fi/en/","savonlinna.fi","savonlinna.fi","ei","RDAP 429","huomio","Welcome to Savonlinna - Savonlinna","35","tarkista","","","Sivu vaikuttaa parkkisivulta tai myytävältä domainilta; Sisältötarkistus vaatii huomiota"
"26.7.2026 klo 11.37","Kuntien kieliversiot","en","siilinjärvi (en)","https://siilinjarvi.fi/en/","municipalityWebsiteLocales.ts","ok","200","ok","https://siilinjarvi.fi/en/","siilinjarvi.fi","siilinjarvi.fi","ei","RDAP 429","huomio","Frontpage - Siilinjärven kunnan verkkosivut","35","tarkista","","","Sivu vaikuttaa parkkisivulta tai myytävältä domainilta; Sivun otsikko tai sisältö ei selvästi vastaa linkin nimeä; Sisältötarkistus vaatii huomiota"
"26.7.2026 klo 11.37","Kuntien kieliversiot","en","tyrnävä (en)","https://www.tyrnava.fi/en/home.html","municipalityWebsiteLocales.ts","ok","200","ok","https://account.lianacloud.com/?iss=https%3A%2F%2Fauth.lianacloud.com%2F","tyrnava.fi","lianacloud.com","kyllä","RDAP 429","huomio","LianaAccount","85","piilota","","","Sivun otsikko tai sisältö ei selvästi vastaa linkin nimeä; Domain vaihtui: tyrnava.fi -> lianacloud.com; Sisältötarkistus vaatii huomiota"
"26.7.2026 klo 11.37","Kuntien kieliversiot","et","helsinki (et)","https://www.hel.fi/et","municipalityWebsiteLocales.ts","ok","200","ok","https://www.hel.fi/et","hel.fi","hel.fi","ei","Elisa Oyj","huomio","Helsingis on hea elada | City of Helsinki","35","tarkista","","","Sivu vaikuttaa parkkisivulta tai myytävältä domainilta; Sisältötarkistus vaatii huomiota"
"26.7.2026 klo 11.37","Kuntien kieliversiot","ru","helsinki (ru)","https://www.hel.fi/ru","municipalityWebsiteLocales.ts","ok","200","ok","https://www.hel.fi/ru","hel.fi","hel.fi","ei","Elisa Oyj","huomio","Хорошо жить в Хельсинки | City of Helsinki","35","tarkista","","","Sivu vaikuttaa parkkisivulta tai myytävältä domainilta; Sisältötarkistus vaatii huomiota"
"26.7.2026 klo 11.37","Kuntien kieliversiot","ru","juuka (ru)","https://www.juuka.fi/ru/web/russian","municipalityWebsiteLocales.ts","huomio","404","ok","https://www.juuka.fi/ru/web/russian","juuka.fi","juuka.fi","ei","RDAP 429","ei tarkistettu","","70","piilota","","","HTTP 404; HTTP 404"
"26.7.2026 klo 11.37","Kuntien kieliversiot","ru","kitee (ru)","https://www.kitee.fi/ru/web/rus","municipalityWebsiteLocales.ts","ok","200","ok","https://www.kitee.fi/ru/web/rus","kitee.fi","kitee.fi","ei","RDAP 429","huomio","Главная - Rus","35","tarkista","","","Sivun otsikko tai sisältö ei selvästi vastaa linkin nimeä; Sisältötarkistus vaatii huomiota"
"26.7.2026 klo 11.37","Kuntien kieliversiot","ru","tohmajärvi (ru)","https://www.tohmajarvi.fi/ru/web/russia","municipalityWebsiteLocales.ts","ok","200","ok","https://www.tohmajarvi.fi/ru/web/russia","tohmajarvi.fi","tohmajarvi.fi","ei","RDAP 429","huomio","Дома - russia","35","tarkista","","","Sivun otsikko tai sisältö ei selvästi vastaa linkin nimeä; Sisältötarkistus vaatii huomiota"
"26.7.2026 klo 11.37","Kuntien kieliversiot","sv","föglö (sv)","https://www.foglo.ax/","municipalityWebsiteLocales.ts","huomio","429","ok","https://www.foglo.ax/","foglo.ax","foglo.ax","ei","RDAP 429","ei tarkistettu","","30","tarkista","","","HTTP 429; HTTP 429"
"26.7.2026 klo 11.37","Kuntien kieliversiot","sv","kauniainen (sv)","https://www.kauniainen.fi/sv/","municipalityWebsiteLocales.ts","ok","200","ok","https://www.kauniainen.fi/sv/","kauniainen.fi","kauniainen.fi","ei","KAUNIAISTEN KAUPUNKI","huomio","Grankulla stads hemsida - Kauniaisten kaupunki – Grankulla stad","35","tarkista","","","Sivun otsikko tai sisältö ei selvästi vastaa linkin nimeä; Sisältötarkistus vaatii huomiota"
"26.7.2026 klo 11.37","Kuntien kieliversiot","sv","kemiönsaari (sv)","https://www.kimitoon.fi/","municipalityWebsiteLocales.ts","ok","200","ok","https://www.kimitoon.fi/","kimitoon.fi","kimitoon.fi","ei","RDAP 429","huomio","Kimitoöns kommun","35","tarkista","","","Sivun otsikko tai sisältö ei selvästi vastaa linkin nimeä; Sisältötarkistus vaatii huomiota"
"26.7.2026 klo 11.37","Kuntien kieliversiot","sv","korsnäs (sv)","https://www.korsnas.fi/","municipalityWebsiteLocales.ts","huomio","500","ok","https://www.korsnas.fi/","korsnas.fi","korsnas.fi","ei","KORSNÄS KOMMUN","ei tarkistettu","","60","piilota","","","HTTP 500; HTTP 500"
"26.7.2026 klo 11.37","Kuntien kieliversiot","sv","kristiinankaupunki (sv)","https://www.kristinestad.fi/","municipalityWebsiteLocales.ts","ok","200","ok","https://www.kristinestad.fi/","kristinestad.fi","kristinestad.fi","ei","RDAP 429","huomio","Kristinestads stad &raquo; Kristinestad","35","tarkista","","","Sivun otsikko tai sisältö ei selvästi vastaa linkin nimeä; Sisältötarkistus vaatii huomiota"
"26.7.2026 klo 11.37","Kuntien kieliversiot","sv","kruunupyy (sv)","https://www.kronoby.fi/sv","municipalityWebsiteLocales.ts","ok","200","ok","https://www.kronoby.fi/sv","kronoby.fi","kronoby.fi","ei","RDAP 429","huomio","Kronoby kommun - Home","35","tarkista","","","Sivun otsikko tai sisältö ei selvästi vastaa linkin nimeä; Sisältötarkistus vaatii huomiota"
"26.7.2026 klo 11.37","Kuntien kieliversiot","sv","luoto (sv)","https://larsmo.fi/","municipalityWebsiteLocales.ts","ok","200","ok","https://larsmo.fi/","larsmo.fi","larsmo.fi","ei","RDAP 429","huomio","Hemsida &#187; Larsmo Larsmo","35","tarkista","","","Sivun otsikko tai sisältö ei selvästi vastaa linkin nimeä; Sisältötarkistus vaatii huomiota"
"26.7.2026 klo 11.37","Kuntien kieliversiot","sv","maalahti (sv)","https://www.malax.fi/","municipalityWebsiteLocales.ts","ok","200","ok","https://www.malax.fi/","malax.fi","malax.fi","ei","RDAP 429","huomio","Malax ligger rätt! &raquo; Malax kommun","35","tarkista","","","Sivun otsikko tai sisältö ei selvästi vastaa linkin nimeä; Sisältötarkistus vaatii huomiota"
"26.7.2026 klo 11.37","Kuntien kieliversiot","sv","maarianhamina (sv)","https://www.mariehamn.ax/","municipalityWebsiteLocales.ts","ok","200","ok","https://www.mariehamn.ax/","mariehamn.ax","mariehamn.ax","ei","RDAP 404","huomio","Startsida | Mariehamns stad","35","tarkista","","","Sivun otsikko tai sisältö ei selvästi vastaa linkin nimeä; Sisältötarkistus vaatii huomiota"
"26.7.2026 klo 11.37","Kuntien kieliversiot","sv","parainen (sv)","https://www.pargas.fi/sv","municipalityWebsiteLocales.ts","ok","200","ok","https://www.pargas.fi/sv/framsida","pargas.fi","pargas.fi","ei","RDAP 429","huomio","Förstasidan - Pargas - Pargas -portal","35","tarkista","","","Sivun otsikko tai sisältö ei selvästi vastaa linkin nimeä; Sisältötarkistus vaatii huomiota"
"26.7.2026 klo 11.37","Kuntien kieliversiot","sv","pedersören kunta (sv)","https://www.pedersore.fi/sv/soek/","municipalityWebsiteLocales.ts","ok","200","ok","https://www.pedersore.fi/sv/soek/","pedersore.fi","pedersore.fi","ei","RDAP 429","huomio","Pedersöre kommun - Sök","35","tarkista","","","Sivun otsikko tai sisältö ei selvästi vastaa linkin nimeä; Sisältötarkistus vaatii huomiota"
"26.7.2026 klo 11.37","Kuntien kieliversiot","sv","pietarsaari (sv)","https://jakobstad.fi/","municipalityWebsiteLocales.ts","ok","200","ok","https://jakobstad.fi/","jakobstad.fi","jakobstad.fi","ei","RDAP 429","huomio","Hemsida - Jakobstad","35","tarkista","","","Sivun otsikko tai sisältö ei selvästi vastaa linkin nimeä; Sisältötarkistus vaatii huomiota"
"26.7.2026 klo 11.37","Kuntien kieliversiot","sv","raasepori (sv)","https://www.raseborg.fi/skolor/karis-svenska-hogstadium/","municipalityWebsiteLocales.ts","ok","200","ok","https://www.raseborg.fi/skolor/karis-svenska-hogstadium/","raseborg.fi","raseborg.fi","ei","RDAP 429","huomio","Karis svenska högstadium - Raseborg","35","tarkista","","","Sivun otsikko tai sisältö ei selvästi vastaa linkin nimeä; Sisältötarkistus vaatii huomiota"
"26.7.2026 klo 11.37","Kuntien kieliversiot","sv","siuntio (sv)","https://www.siuntio.fi/sv/","municipalityWebsiteLocales.ts","ok","200","ok","https://www.siuntio.fi/sv/","siuntio.fi","siuntio.fi","ei","RDAP 429","huomio","Sjundeå kommun","35","tarkista","","","Sivun otsikko tai sisältö ei selvästi vastaa linkin nimeä; Sisältötarkistus vaatii huomiota"
"26.7.2026 klo 11.37","Kuntien kieliversiot","sv","uusikaarlepyy (sv)","https://www.nykarleby.fi/","municipalityWebsiteLocales.ts","ok","200","ok","https://www.nykarleby.fi/","nykarleby.fi","nykarleby.fi","ei","RDAP 429","huomio","Hem &raquo; Nykarleby stad","35","tarkista","","","Sivun otsikko tai sisältö ei selvästi vastaa linkin nimeä; Sisältötarkistus vaatii huomiota"
"26.7.2026 klo 11.37","Kuntien kieliversiot","uk","helsinki (uk)","https://www.hel.fi/uk","municipalityWebsiteLocales.ts","ok","200","ok","https://www.hel.fi/uk","hel.fi","hel.fi","ei","Elisa Oyj","huomio","Комфортне та цікаве життя в Гельсінкі | City of Helsinki","35","tarkista","","","Sivu vaikuttaa parkkisivulta tai myytävältä domainilta; Sisältötarkistus vaatii huomiota"
"26.7.2026 klo 11.37","Kuntien verkkosivut","Kunta","enontekiö","https://enontekio.fi/","municipalityWebsites.ts","huomio","404","ok","https://enontekio.fi/","enontekio.fi","enontekio.fi","ei","RDAP 429","ei tarkistettu","","70","piilota","","","HTTP 404; HTTP 404"
"26.7.2026 klo 11.37","Kuntien verkkosivut","Kunta","eurajoki","https://www.eurajoki.fi/","municipalityWebsites.ts","huomio","403","ok","https://www.eurajoki.fi/","eurajoki.fi","eurajoki.fi","ei","RDAP 429","ei tarkistettu","","30","tarkista","","","HTTP 403; HTTP 403"
"26.7.2026 klo 11.37","Kuntien verkkosivut","Kunta","harjavalta","https://www.harjavalta.fi/","municipalityWebsites.ts","ok","200","ok","https://www.harjavalta.fi/","harjavalta.fi","harjavalta.fi","ei","Netorek Oy","huomio","Etusivu - Harjavallan kaupunki","35","tarkista","","","Sivun otsikko tai sisältö ei selvästi vastaa linkin nimeä; Sisältötarkistus vaatii huomiota"
"26.7.2026 klo 11.37","Kuntien verkkosivut","Kunta","hausjärvi","https://www.hausjarvi.fi/","municipalityWebsites.ts","huomio","500","ok","https://www.hausjarvi.fi/","hausjarvi.fi","hausjarvi.fi","ei","Hausjärven kunta","ei tarkistettu","","60","piilota","","","HTTP 500; HTTP 500"
"26.7.2026 klo 11.37","Kuntien verkkosivut","Kunta","inkoo","https://www.inga.fi/","municipalityWebsites.ts","ok","200","ok","https://www.inga.fi/","inga.fi","inga.fi","ei","RDAP 429","huomio","Ingå","0","pidä näkyvissä","verified","C","Sivun otsikko tai sisältö ei selvästi vastaa linkin nimeä; Sisältötarkistus vaatii huomiota; Manuaalinen tila: verified"
"26.7.2026 klo 11.37","Kuntien verkkosivut","Kunta","kalajoki","https://www.kalajoki.fi/","municipalityWebsites.ts","huomio","404","ok","https://www.kalajoki.fi/","kalajoki.fi","kalajoki.fi","ei","RDAP 429","ei tarkistettu","","70","piilota","","","HTTP 404; HTTP 404"
"26.7.2026 klo 11.37","Kuntien verkkosivut","Kunta","kemiönsaari","https://en.kimitoon.fi/","municipalityWebsites.ts","ok","200","ok","https://en.kimitoon.fi/","kimitoon.fi","kimitoon.fi","ei","RDAP 429","huomio","Kimitoön","35","tarkista","","","Sivun otsikko tai sisältö ei selvästi vastaa linkin nimeä; Sisältötarkistus vaatii huomiota"
"26.7.2026 klo 11.37","Kuntien verkkosivut","Kunta","kerava","https://www.kerava.fi","municipalityWebsites.ts","huomio","500","ok","https://www.kerava.fi/","kerava.fi","kerava.fi","ei","RDAP 429","ei tarkistettu","","60","piilota","","","HTTP 500; HTTP 500"
"26.7.2026 klo 11.37","Kuntien verkkosivut","Kunta","kihniö","https://www.kihnio.fi/","municipalityWebsites.ts","huomio","404","ok","https://www.kihnio.fi/","kihnio.fi","kihnio.fi","ei","RDAP 429","ei tarkistettu","","70","piilota","","","HTTP 404; HTTP 404"
"26.7.2026 klo 11.37","Kuntien verkkosivut","Kunta","kiuruvesi","https://www.kiuruvesi.fi/","municipalityWebsites.ts","ok","200","ok","https://kiuruvesi.fi/","kiuruvesi.fi","kiuruvesi.fi","ei","RDAP 429","huomio","Elämää kaikilla aisteilla - Kiuruvesi - Elämää kaikilla aisteilla","35","tarkista","","","Sivu vaikuttaa parkkisivulta tai myytävältä domainilta; Sisältötarkistus vaatii huomiota"
"26.7.2026 klo 11.37","Kuntien verkkosivut","Kunta","kolari","https://www.kolari.fi/","municipalityWebsites.ts","huomio","404","ok","https://www.kolari.fi/","kolari.fi","kolari.fi","ei","RDAP 429","ei tarkistettu","","70","piilota","","","HTTP 404; HTTP 404"
"26.7.2026 klo 11.37","Kuntien verkkosivut","Kunta","korsnäs","https://www.korsnas.fi/","municipalityWebsites.ts","huomio","500","ok","https://www.korsnas.fi/","korsnas.fi","korsnas.fi","ei","KORSNÄS KOMMUN","ei tarkistettu","","60","piilota","","","HTTP 500; HTTP 500"
"26.7.2026 klo 11.37","Kuntien verkkosivut","Kunta","kristiinankaupunki","https://www.kristinestad.fi/","municipalityWebsites.ts","ok","200","ok","https://www.kristinestad.fi/","kristinestad.fi","kristinestad.fi","ei","RDAP 429","huomio","Kristinestads stad &raquo; Kristinestad","35","tarkista","","","Sivun otsikko tai sisältö ei selvästi vastaa linkin nimeä; Sisältötarkistus vaatii huomiota"
"26.7.2026 klo 11.37","Kuntien verkkosivut","Kunta","kruunupyy","https://www.kronoby.fi/","municipalityWebsites.ts","ok","200","ok","https://www.kronoby.fi/","kronoby.fi","kronoby.fi","ei","RDAP 429","huomio","Kronoby kommun - Home","35","tarkista","","","Sivun otsikko tai sisältö ei selvästi vastaa linkin nimeä; Sisältötarkistus vaatii huomiota"
"26.7.2026 klo 11.37","Kuntien verkkosivut","Kunta","kuhmoinen","https://www.kuhmoinen.fi/","municipalityWebsites.ts","ok","200","ok","https://www.kuhmoinen.fi/","kuhmoinen.fi","kuhmoinen.fi","ei","RDAP 429","huomio","This site requires javascript","35","tarkista","","","Sivun otsikko tai sisältö ei selvästi vastaa linkin nimeä; Sisältötarkistus vaatii huomiota"
"26.7.2026 klo 11.37","Kuntien verkkosivut","Kunta","kuusamo","https://www.kuusamo.fi/","municipalityWebsites.ts","huomio","500","ok","https://www.kuusamo.fi/","kuusamo.fi","kuusamo.fi","ei","RDAP 429","ei tarkistettu","","60","piilota","","","HTTP 500; HTTP 500"
"26.7.2026 klo 11.37","Kuntien verkkosivut","Kunta","lapinlahti","https://lapinlahti.fi/","municipalityWebsites.ts","huomio","404","ok","https://lapinlahti.fi/","lapinlahti.fi","lapinlahti.fi","ei","RDAP 429","ei tarkistettu","","70","piilota","","","HTTP 404; HTTP 404"
"26.7.2026 klo 11.37","Kuntien verkkosivut","Kunta","loppi","https://www.loppi.fi/","municipalityWebsites.ts","huomio","500","ok","https://www.loppi.fi/","loppi.fi","loppi.fi","ei","Lopen kunta","ei tarkistettu","","60","piilota","","","HTTP 500; HTTP 500"
"26.7.2026 klo 11.37","Kuntien verkkosivut","Kunta","luhanka","https://www.luhanka.fi/","municipalityWebsites.ts","ok","200","ok","https://www.luhanka.fi/","luhanka.fi","luhanka.fi","ei","RDAP 429","huomio","Luhanka &#8211; Luhangan kunta","35","tarkista","","","Sivu vaikuttaa parkkisivulta tai myytävältä domainilta; Sisältötarkistus vaatii huomiota"
"26.7.2026 klo 11.37","Kuntien verkkosivut","Kunta","luoto","https://larsmo.fi/","municipalityWebsites.ts","ok","200","ok","https://larsmo.fi/","larsmo.fi","larsmo.fi","ei","RDAP 429","huomio","Hemsida &#187; Larsmo Larsmo","35","tarkista","","","Sivun otsikko tai sisältö ei selvästi vastaa linkin nimeä; Sisältötarkistus vaatii huomiota"
"26.7.2026 klo 11.37","Kuntien verkkosivut","Kunta","luumäki","https://www.luumaki.fi/","municipalityWebsites.ts","huomio","404","ok","https://www.luumaki.fi/","luumaki.fi","luumaki.fi","ei","RDAP 429","ei tarkistettu","","70","piilota","","","HTTP 404; HTTP 404"
"26.7.2026 klo 11.37","Kuntien verkkosivut","Kunta","maalahti","https://www.malax.fi/","municipalityWebsites.ts","ok","200","ok","https://www.malax.fi/","malax.fi","malax.fi","ei","RDAP 429","huomio","Malax ligger rätt! &raquo; Malax kommun","35","tarkista","","","Sivun otsikko tai sisältö ei selvästi vastaa linkin nimeä; Sisältötarkistus vaatii huomiota"
"26.7.2026 klo 11.37","Kuntien verkkosivut","Kunta","paimio","https://www.paimio.fi/","municipalityWebsites.ts","huomio","500","ok","https://www.paimio.fi/","paimio.fi","paimio.fi","ei","RDAP 429","ei tarkistettu","","60","piilota","","","HTTP 500; HTTP 500"
"26.7.2026 klo 11.37","Kuntien verkkosivut","Kunta","parainen","https://www.pargas.fi/","municipalityWebsites.ts","ok","200","ok","https://www.pargas.fi/sv/framsida","pargas.fi","pargas.fi","ei","RDAP 429","huomio","Förstasidan - Pargas - Pargas -portal","35","tarkista","","","Sivun otsikko tai sisältö ei selvästi vastaa linkin nimeä; Sisältötarkistus vaatii huomiota"
"26.7.2026 klo 11.37","Kuntien verkkosivut","Kunta","pedersören","https://www.pedersore.fi/","municipalityWebsites.ts","ok","200","ok","https://www.pedersore.fi/","pedersore.fi","pedersore.fi","ei","RDAP 429","huomio","Pedersöre kommun - Hem","35","tarkista","","","Sivun otsikko tai sisältö ei selvästi vastaa linkin nimeä; Sisältötarkistus vaatii huomiota"
"26.7.2026 klo 11.37","Kuntien verkkosivut","Kunta","pietarsaari","https://jakobstad.fi/","municipalityWebsites.ts","ok","200","ok","https://jakobstad.fi/","jakobstad.fi","jakobstad.fi","ei","RDAP 429","huomio","Hemsida - Jakobstad","35","tarkista","","","Sivun otsikko tai sisältö ei selvästi vastaa linkin nimeä; Sisältötarkistus vaatii huomiota"
"26.7.2026 klo 11.37","Kuntien verkkosivut","Kunta","raasepori","https://www.raseborg.fi/","municipalityWebsites.ts","ok","200","ok","https://www.raseborg.fi/","raseborg.fi","raseborg.fi","ei","RDAP 429","huomio","Välkommen till Raseborg - Raseborg","35","tarkista","","","Sivun otsikko tai sisältö ei selvästi vastaa linkin nimeä; Sisältötarkistus vaatii huomiota"
"26.7.2026 klo 11.37","Kuntien verkkosivut","Kunta","riihimäki","https://www.riihimaki.fi/","municipalityWebsites.ts","huomio","500","ok","https://www.riihimaki.fi/","riihimaki.fi","riihimaki.fi","ei","Riihimäen kaupunki","ei tarkistettu","","60","piilota","","","HTTP 500; HTTP 500"
"26.7.2026 klo 11.37","Kuntien verkkosivut","Kunta","ruokolahti","https://ruokolahti.fi/","municipalityWebsites.ts","huomio","404","ok","https://ruokolahti.fi/","ruokolahti.fi","ruokolahti.fi","ei","Meidän IT ja talous Oy","ei tarkistettu","","70","piilota","","","HTTP 404; HTTP 404"
"26.7.2026 klo 11.37","Kuntien verkkosivut","Kunta","savitaipale","https://www.savitaipale.fi/","municipalityWebsites.ts","huomio","404","ok","https://www.savitaipale.fi/","savitaipale.fi","savitaipale.fi","ei","RDAP 429","ei tarkistettu","","70","piilota","","","HTTP 404; HTTP 404"
"26.7.2026 klo 11.37","Kuntien verkkosivut","Kunta","somero","https://www.somero.fi/","municipalityWebsites.ts","ok","200","ok","https://www.somero.fi/","somero.fi","somero.fi","ei","RDAP 429","huomio","","35","tarkista","","","Sisältötarkistus aikakatkaistiin; Sisältötarkistus vaatii huomiota"
"26.7.2026 klo 11.37","Kuntien verkkosivut","Kunta","sonkajärvi","https://sonkajarvi.fi/","municipalityWebsites.ts","huomio","404","ok","https://sonkajarvi.fi/","sonkajarvi.fi","sonkajarvi.fi","ei","RDAP 429","ei tarkistettu","","70","piilota","","","HTTP 404; HTTP 404"
"26.7.2026 klo 11.37","Kuntien verkkosivut","Kunta","sotkamo","https://www.sotkamo.fi/","municipalityWebsites.ts","ok","200","ok","https://www.sotkamo.fi/","sotkamo.fi","sotkamo.fi","ei","RDAP 429","huomio","","35","tarkista","","","Sisältötarkistus aikakatkaistiin; Sisältötarkistus vaatii huomiota"
"26.7.2026 klo 11.37","Kuntien verkkosivut","Kunta","sulkava","https://sulkava.fi/","municipalityWebsites.ts","ok","200","ok","https://sulkava.fi/","sulkava.fi","sulkava.fi","ei","RDAP 429","huomio","","35","tarkista","","","Sisältötarkistus aikakatkaistiin; Sisältötarkistus vaatii huomiota"
"26.7.2026 klo 11.37","Kuntien verkkosivut","Kunta","suomussalmi","https://suomussalmi.fi/","municipalityWebsites.ts","huomio","404","ok","https://suomussalmi.fi/","suomussalmi.fi","suomussalmi.fi","ei","RDAP 429","ei tarkistettu","","70","piilota","","","HTTP 404; HTTP 404"
"26.7.2026 klo 11.37","Kuntien verkkosivut","Kunta","taipalsaari","https://www.taipalsaari.fi/","municipalityWebsites.ts","huomio","404","ok","https://www.taipalsaari.fi/","taipalsaari.fi","taipalsaari.fi","ei","RDAP 429","ei tarkistettu","","70","piilota","","","HTTP 404; HTTP 404"
"26.7.2026 klo 11.37","Kuntien verkkosivut","Kunta","taivassalo","https://www.taivassalo.fi/","municipalityWebsites.ts","ok","200","ok","https://www.taivassalo.fi/","taivassalo.fi","taivassalo.fi","ei","Taivassalon kunta","huomio","","35","tarkista","","","Sisältötarkistus aikakatkaistiin; Sisältötarkistus vaatii huomiota"
"26.7.2026 klo 11.37","Kuntien verkkosivut","Kunta","uusikaupunki","https://uusikaupunki.fi/","municipalityWebsites.ts","ok","200","ok","https://uusikaupunki.fi/fi","uusikaupunki.fi","uusikaupunki.fi","ei","RDAP 429","huomio","","35","tarkista","","","Sisältötarkistus aikakatkaistiin; Sisältötarkistus vaatii huomiota"
"26.7.2026 klo 11.37","Kuntien verkkosivut","Kunta","valkeakoski","https://www.valkeakoski.fi/","municipalityWebsites.ts","huomio","500","ok","https://www.valkeakoski.fi/","valkeakoski.fi","valkeakoski.fi","ei","Valkeakosken kaupunki","ei tarkistettu","","60","piilota","","","HTTP 500; HTTP 500"
"26.7.2026 klo 11.37","Kuntien verkkosivut","Kunta","vantaa","https://www.vantaa.fi/","municipalityWebsites.ts","ok","200","ok","https://www.vantaa.fi/fi","vantaa.fi","vantaa.fi","ei","RDAP 429","huomio","","35","tarkista","","","Sisältötarkistus aikakatkaistiin; Sisältötarkistus vaatii huomiota"
"26.7.2026 klo 11.37","Kuntien verkkosivut","Kunta","vihti","https://www.vihti.fi/","municipalityWebsites.ts","ok","200","ok","https://www.vihti.fi/","vihti.fi","vihti.fi","ei","Vihdin kunta","huomio","Vihti on vireä ja vehreä kunta pääkaupunkiseudun tuntumassa. Tutustu kunnan palveluihin, ajankohtaisiin asioihin, päätöksentekoon ja tapahtumiin.","35","tarkista","","","HTML-sivulta ei löytynyt otsikkoa; Sisältötarkistus vaatii huomiota"
"26.7.2026 klo 11.37","Kuntien verkkosivut","Kunta","vimpeli","https://www.vimpeli.fi/","municipalityWebsites.ts","ok","200","ok","https://www.vimpeli.fi/","vimpeli.fi","vimpeli.fi","ei","RDAP 429","huomio","","35","tarkista","","","Sisältötarkistus aikakatkaistiin; Sisältötarkistus vaatii huomiota"
"26.7.2026 klo 11.37","Kuntien verkkosivut","Kunta","virrat","https://www.virrat.fi","municipalityWebsites.ts","ok","200","ok","https://www.virrat.fi/","virrat.fi","virrat.fi","ei","RDAP 429","huomio","","35","tarkista","","","Sisältötarkistus aikakatkaistiin; Sisältötarkistus vaatii huomiota"
"26.7.2026 klo 11.37","Kuntien verkkosivut","Kunta","vårdö","https://www.vardo.ax/","municipalityWebsites.ts","ok","200","ok","https://www.vardo.ax/","vardo.ax","vardo.ax","ei","RDAP 429","huomio","","35","tarkista","","","Sisältötarkistus aikakatkaistiin; Sisältötarkistus vaatii huomiota"
"26.7.2026 klo 11.37","Kuntien verkkosivut","Kunta","ähtäri","https://www.ahtari.fi/","municipalityWebsites.ts","ok","200","ok","https://www.ahtari.fi/","ahtari.fi","ahtari.fi","ei","Ähtärin kaupunki","huomio","","35","tarkista","","","Sisältötarkistus aikakatkaistiin; Sisältötarkistus vaatii huomiota"
"26.7.2026 klo 11.37","Lehdet","Suomalaiset paikallislehdet","Elimäen Sanomat","http://www.elimaensanomat.fi/index.html","localNewspaperLinks.ts","ok","200","huomio","https://futisfani.com/","elimaensanomat.fi","futisfani.com","kyllä","BlueStream OU","ok","Jalkapallo - Futisfani.com","120","piilota","","","Ei HTTPS-yhteyttä; Ei HTTPS-yhteyttä; Turvallisuushuomio; Domain vaihtui: elimaensanomat.fi -> futisfani.com"
"26.7.2026 klo 11.37","Lehdet","Suomalaiset paikallislehdet","Heinäveden lehti","http://www.heinavedenlehti.fi","localNewspaperLinks.ts","ok","200","huomio","https://www.heinavedenlehti.fi/","heinavedenlehti.fi","heinavedenlehti.fi","ei","Keskisuomalainen Oyj","ok","Etusivu | Heinäveden Lehti","70","piilota","","","Ei HTTPS-yhteyttä; Ei HTTPS-yhteyttä; Turvallisuushuomio"
"26.7.2026 klo 11.37","Lehdet","Suomalaiset paikallislehdet","Hämeenkyrön Sanomat","http://www.hameenkyronsanomat.fi/","localNewspaperLinks.ts","ok","200","huomio","https://hameenkyronsanomat.fi/","hameenkyronsanomat.fi","hameenkyronsanomat.fi","ei","Wordapp BV","ok","Hämeenkyrön sanomat | Opi uutta sanoma- ja digilehdistä","70","piilota","","","Ei HTTPS-yhteyttä; Ei HTTPS-yhteyttä; Turvallisuushuomio"
"26.7.2026 klo 11.37","Lehdet","Suomalaiset paikallislehdet","Ilmajoki-lehti","http://www.ilmajoki-lehti.fi","localNewspaperLinks.ts","ok","200","huomio","https://www.ilmajoki-lehti.fi/","ilmajoki-lehti.fi","ilmajoki-lehti.fi","ei","RDAP 429","ok","Etusivu - Ilmajoki-lehti","70","piilota","","","Ei HTTPS-yhteyttä; Ei HTTPS-yhteyttä; Turvallisuushuomio"
"26.7.2026 klo 11.37","Lehdet","Suomalaiset paikallislehdet","Inarilainen","http://www.inarilainen.fi/","localNewspaperLinks.ts","ok","200","huomio","https://www.inarilainen.fi/","inarilainen.fi","inarilainen.fi","ei","RDAP 429","ok","Etusivu | Inarilainen","70","piilota","","","Ei HTTPS-yhteyttä; Ei HTTPS-yhteyttä; Turvallisuushuomio"
"26.7.2026 klo 11.37","Lehdet","Suomalaiset paikallislehdet","Jaakkiman Sanomat","http://jaakkimansanomat.fi","localNewspaperLinks.ts","ok","200","huomio","http://www.jaakkimansanomat.fi/","jaakkimansanomat.fi","jaakkimansanomat.fi","ei","RDAP 429","ok","&#8211; Jaakkiman Sanomat","110","piilota","","","Ei HTTPS-yhteyttä; Ei HTTPS-yhteyttä; Turvallisuushuomio; Lopullinen osoite ei käytä HTTPS-yhteyttä"
"26.7.2026 klo 11.37","Lehdet","Suomalaiset paikallislehdet","Joutsan Seutu","http://www.joutsanseutu.fi/","localNewspaperLinks.ts","ok","206","huomio","https://www.joutsanseutu.fi/","joutsanseutu.fi","joutsanseutu.fi","ei","RDAP 429","ok","Etusivu | Joutsan Seutu","70","piilota","","","Ei HTTPS-yhteyttä; Ei HTTPS-yhteyttä; Turvallisuushuomio"
"26.7.2026 klo 11.37","Lehdet","Suomalaiset paikallislehdet","Joutseno (sanomalehti)","http://www.joutsenolehti.fi/","localNewspaperLinks.ts","ok","200","huomio","https://www.joutsenolehti.fi/","joutsenolehti.fi","joutsenolehti.fi","ei","RDAP 429","ok","Etusivu | Paikallislehti Joutseno","70","piilota","","","Ei HTTPS-yhteyttä; Ei HTTPS-yhteyttä; Turvallisuushuomio"
"26.7.2026 klo 11.37","Lehdet","Suomalaiset paikallislehdet","JP-Kunnallissanomat","http://www.jp-kunnallissanomat.fi","localNewspaperLinks.ts","ok","206","huomio","https://www.jp-kunnallissanomat.fi/","jp-kunnallissanomat.fi","jp-kunnallissanomat.fi","ei","RDAP 429","ok","JP-Kunnallissanomat | Etusivu","70","piilota","","","Ei HTTPS-yhteyttä; Ei HTTPS-yhteyttä; Turvallisuushuomio"
"26.7.2026 klo 11.37","Lehdet","Suomalaiset paikallislehdet","Järviseudun Sanomat","https://www.jarviseudunsanomat.fi/","localNewspaperLinks.ts","huomio","403","ok","https://www.jarviseudunsanomat.fi/","jarviseudunsanomat.fi","jarviseudunsanomat.fi","ei","RDAP 429","ei tarkistettu","","30","tarkista","","","HTTP 403; HTTP 403"
"26.7.2026 klo 11.37","Lehdet","Suomalaiset paikallislehdet","Kaakonkulma (lehti)","http://www.kaakonkulma.fi/","localNewspaperLinks.ts","ok","200","huomio","https://www.kaakonkulma.fi/","kaakonkulma.fi","kaakonkulma.fi","ei","RDAP 429","ok","Etusivu | Kaakonkulma","70","piilota","","","Ei HTTPS-yhteyttä; Ei HTTPS-yhteyttä; Turvallisuushuomio"
"26.7.2026 klo 11.37","Lehdet","Suomalaiset paikallislehdet","Kaarina-lehti","https://www.kaarina-lehti.fi/","localNewspaperLinks.ts","ok","200","ok","https://www.kaarina-lehti.fi/","kaarina-lehti.fi","kaarina-lehti.fi","ei","RDAP 429","huomio","","35","tarkista","","","Sisältötarkistus aikakatkaistiin; Sisältötarkistus vaatii huomiota"
"26.7.2026 klo 11.37","Lehdet","Suomalaiset paikallislehdet","Kalajoen Seutu","http://www.kalajoenseutu.net","localNewspaperLinks.ts","ok","200","huomio","https://kalajoenseutu.net/","kalajoenseutu.net","kalajoenseutu.net","ei","RDAP 429","ok","kalajoenseutu.net | Viimeisimmät kulttuuriuutiset","70","piilota","","","Ei HTTPS-yhteyttä; Ei HTTPS-yhteyttä; Turvallisuushuomio"
"26.7.2026 klo 11.37","Lehdet","Suomalaiset paikallislehdet","Kalajokilaakso (lehti)","http://www.kalajokilaakso.fi/","localNewspaperLinks.ts","ok","200","huomio","https://www.kalajokilaakso.fi/","kalajokilaakso.fi","kalajokilaakso.fi","ei","RDAP 429","ok","Etusivu | Kalajokilaakso","70","piilota","","","Ei HTTPS-yhteyttä; Ei HTTPS-yhteyttä; Turvallisuushuomio"
"26.7.2026 klo 11.37","Lehdet","Suomalaiset paikallislehdet","Karkkilan Tienoo","https://www.karkkilantienoo.fi/","localNewspaperLinks.ts","ok","200","ok","https://www.karkkilalainen.fi/","karkkilantienoo.fi","karkkilalainen.fi","kyllä","RDAP 429","huomio","Etusivu | Karkkilalainen","85","piilota","","","Sivun otsikko tai sisältö ei selvästi vastaa linkin nimeä; Domain vaihtui: karkkilantienoo.fi -> karkkilalainen.fi; Sisältötarkistus vaatii huomiota"
"26.7.2026 klo 11.37","Lehdet","Suomalaiset paikallislehdet","Keskilaakso","http://www.keskilaakso.fi/","localNewspaperLinks.ts","ok","200","huomio","https://www.keskilaakso.fi/","keskilaakso.fi","keskilaakso.fi","ei","RDAP 429","ok","Etusivu | Keskilaakso","70","piilota","","","Ei HTTPS-yhteyttä; Ei HTTPS-yhteyttä; Turvallisuushuomio"
"26.7.2026 klo 11.37","Lehdet","Suomalaiset paikallislehdet","Kiuruvesi-lehti","http://www.kiuruvesilehti.fi/","localNewspaperLinks.ts","ok","200","huomio","https://kiuruvesilehti.fi/","kiuruvesilehti.fi","kiuruvesilehti.fi","ei","Kiuruvesi Lehti Oy","ok","Kiuruvesi-lehti","70","piilota","","","Ei HTTPS-yhteyttä; Ei HTTPS-yhteyttä; Turvallisuushuomio"
"26.7.2026 klo 11.37","Lehdet","Suomalaiset paikallislehdet","Koillis-Savo (lehti)","http://www.koillis-savo.fi","localNewspaperLinks.ts","ok","200","huomio","https://www.koillis-savo.fi/","koillis-savo.fi","koillis-savo.fi","ei","RDAP 429","ok","Etusivu | Koillis-Savo","70","piilota","","","Ei HTTPS-yhteyttä; Ei HTTPS-yhteyttä; Turvallisuushuomio"
"26.7.2026 klo 11.37","Lehdet","Suomalaiset paikallislehdet","Kokemäkeläinen","http://kokemakelainen.net/","localNewspaperLinks.ts","ok","200","huomio","http://kokemakelainen.net/","kokemakelainen.net","kokemakelainen.net","ei","RDAP 429","ok","Kokemäkeläinen &#187; Paikallislehti","110","piilota","","","Ei HTTPS-yhteyttä; Ei HTTPS-yhteyttä; Turvallisuushuomio; Lopullinen osoite ei käytä HTTPS-yhteyttä"
"26.7.2026 klo 11.37","Lehdet","Suomalaiset paikallislehdet","Komiat","http://www.komiatlehti.fi/","localNewspaperLinks.ts","ok","200","huomio","https://www.komiat.fi/","komiatlehti.fi","komiat.fi","kyllä","RDAP 429","ok","Etusivu | Komiat","120","piilota","","","Ei HTTPS-yhteyttä; Ei HTTPS-yhteyttä; Turvallisuushuomio; Domain vaihtui: komiatlehti.fi -> komiat.fi"
"26.7.2026 klo 11.37","Lehdet","Suomalaiset paikallislehdet","Koti-Karjala","http://www.kotikarjala.fi","localNewspaperLinks.ts","ok","206","huomio","https://www.kotikarjala.fi/","kotikarjala.fi","kotikarjala.fi","ei","RDAP 429","ok","Etusivu | Koti-Karjala","70","piilota","","","Ei HTTPS-yhteyttä; Ei HTTPS-yhteyttä; Turvallisuushuomio"
"26.7.2026 klo 11.37","Lehdet","Suomalaiset paikallislehdet","Kotiseutu-uutiset","http://kotiseutu-uutiset.com/","localNewspaperLinks.ts","ok","200","huomio","https://kotiseutu-uutiset.com/","kotiseutu-uutiset.com","kotiseutu-uutiset.com","ei","CSL Computer Service Langenbach GmbH d/b/a joker.com","ok","Kotiseutu-uutiset.com","70","piilota","","","Ei HTTPS-yhteyttä; Ei HTTPS-yhteyttä; Turvallisuushuomio"
"26.7.2026 klo 11.37","Lehdet","Suomalaiset paikallislehdet","Kuhmolainen","http://www.kuhmolainen.fi","localNewspaperLinks.ts","ok","200","huomio","https://www.kuhmolainen.fi/","kuhmolainen.fi","kuhmolainen.fi","ei","Hilla Group Oyj","ok","Etusivu | Kuhmolainen","70","piilota","","","Ei HTTPS-yhteyttä; Ei HTTPS-yhteyttä; Turvallisuushuomio"
"26.7.2026 klo 11.37","Lehdet","Suomalaiset paikallislehdet","Kunnallislehti Paimio-Sauvo-Kaarina","http://www.kuntsari.fi/","localNewspaperLinks.ts","ok","200","huomio","https://www.kuntsari.fi/","kuntsari.fi","kuntsari.fi","ei","Peimarin Kustannus Oy","huomio","Kuntsari | kaikki Turun ja Salon välistä","105","piilota","","","Ei HTTPS-yhteyttä; Sivun otsikko tai sisältö ei selvästi vastaa linkin nimeä; Ei HTTPS-yhteyttä; Turvallisuushuomio; Sisältötarkistus vaatii huomiota"
"26.7.2026 klo 11.37","Lehdet","Suomalaiset paikallislehdet","Kurikka-lehti","http://www.kurikka-lehti.fi","localNewspaperLinks.ts","ok","206","huomio","https://www.kurikka-lehti.fi/","kurikka-lehti.fi","kurikka-lehti.fi","ei","RDAP 429","ok","Kurikka - lehti Etusivu","70","piilota","","","Ei HTTPS-yhteyttä; Ei HTTPS-yhteyttä; Turvallisuushuomio"
"26.7.2026 klo 11.37","Lehdet","Suomalaiset paikallislehdet","Kylänraitti","http://www.veikkola.net","localNewspaperLinks.ts","ok","200","huomio","https://www.vistaprint.com/digital-marketing/webs-shutdown","veikkola.net","vistaprint.com","kyllä","RDAP 429","huomio","Webs.com has been shut down: Find out more","155","piilota","","","Ei HTTPS-yhteyttä; Sivu vaikuttaa parkkisivulta tai myytävältä domainilta; Sivun otsikko tai sisältö ei selvästi vastaa linkin nimeä; Ei HTTPS-yhteyttä; Turvallisuushuomio; Domain vaihtui: veikkola.net -> vistaprint.com; Sisältötarkistus vaatii huomiota"
"26.7.2026 klo 11.37","Lehdet","Suomalaiset paikallislehdet","Kyrönmaa (lehti)","http://www.kyronmaa-lehti.fi/","localNewspaperLinks.ts","ok","206","huomio","https://www.kyronmaa-lehti.fi/","kyronmaa-lehti.fi","kyronmaa-lehti.fi","ei","RDAP 429","ok","Kyrönmaa - lehti | Etusivu","70","piilota","","","Ei HTTPS-yhteyttä; Ei HTTPS-yhteyttä; Turvallisuushuomio"
"26.7.2026 klo 11.37","Lehdet","Suomalaiset paikallislehdet","Lakeuden Lehti","http://www.maakuntalehdet.fi/lakeudenl_media.htm","localNewspaperLinks.ts","virhe","","huomio","","maakuntalehdet.fi","maakuntalehdet.fi","ei","RDAP 429","ei tarkistettu","","190","piilota","","","Ei HTTPS-yhteyttä; DNS ei ratkennut: ENOTFOUND; fetch failed; Ei HTTPS-yhteyttä; Turvallisuushuomio; HTTP-tarkistus epäonnistui; Lopullinen osoite ei käytä HTTPS-yhteyttä"
"26.7.2026 klo 11.37","Lehdet","Suomalaiset paikallislehdet","Lakeuden portti","http://www.lakeudenportti.com/","localNewspaperLinks.ts","ok","200","huomio","http://www.lakeudenportti.com/","lakeudenportti.com","lakeudenportti.com","ei","RDAP 429","ok","Lakeudenportti","110","piilota","","","Ei HTTPS-yhteyttä; Ei HTTPS-yhteyttä; Turvallisuushuomio; Lopullinen osoite ei käytä HTTPS-yhteyttä"
"26.7.2026 klo 11.37","Lehdet","Suomalaiset paikallislehdet","Lapuan Sanomat","http://www.lapuansanomat.fi/","localNewspaperLinks.ts","ok","206","huomio","https://www.lapuansanomat.fi/etusivu-6.8.a67b46ef78","lapuansanomat.fi","lapuansanomat.fi","ei","Lapua - Säätiö sr","ok","Lapuan Sanomat","70","piilota","","","Ei HTTPS-yhteyttä; Ei HTTPS-yhteyttä; Turvallisuushuomio"
"26.7.2026 klo 11.37","Lehdet","Suomalaiset paikallislehdet","Lauttakylä-lehti","http://www.lauttakyla.fi/","localNewspaperLinks.ts","ok","200","huomio","https://lauttakyla.fi/","lauttakyla.fi","lauttakyla.fi","ei","Huittisten Sanomalehti Oy","ok","Etusivu - Lauttakylä","70","piilota","","","Ei HTTPS-yhteyttä; Ei HTTPS-yhteyttä; Turvallisuushuomio"
"26.7.2026 klo 11.37","Lehdet","Suomalaiset paikallislehdet","Lieksan Lehti","http://www.lieksanlehti.fi","localNewspaperLinks.ts","ok","200","huomio","https://www.lieksanlehti.fi/","lieksanlehti.fi","lieksanlehti.fi","ei","Planeetta Internet Oy","ok","Etusivu | Lieksan Lehti","70","piilota","","","Ei HTTPS-yhteyttä; Ei HTTPS-yhteyttä; Turvallisuushuomio"
"26.7.2026 klo 11.37","Lehdet","Suomalaiset paikallislehdet","Loviisan Sanomat","http://www.loviisansanomat.net/","localNewspaperLinks.ts","ok","200","huomio","https://www.loviisansanomat.fi/","loviisansanomat.net","loviisansanomat.fi","kyllä","Ascio Technologies, Inc. Danmark - Filial af Ascio technologies, Inc. USA","ok","Etusivu | Loviisan Sanomat","120","piilota","","","Ei HTTPS-yhteyttä; Ei HTTPS-yhteyttä; Turvallisuushuomio; Domain vaihtui: loviisansanomat.net -> loviisansanomat.fi"
"26.7.2026 klo 11.37","Lehdet","Suomalaiset paikallislehdet","Maaselkä (lehti)","http://www.maaselkalehti.fi","localNewspaperLinks.ts","virhe","","huomio","","maaselkalehti.fi","maaselkalehti.fi","ei","RDAP 429","ei tarkistettu","","190","piilota","","","Ei HTTPS-yhteyttä; DNS ei ratkennut: ENOTFOUND; fetch failed; Ei HTTPS-yhteyttä; Turvallisuushuomio; HTTP-tarkistus epäonnistui; Lopullinen osoite ei käytä HTTPS-yhteyttä"
"26.7.2026 klo 11.37","Lehdet","Suomalaiset paikallislehdet","Nya Östis","http://nyaostis.fi","localNewspaperLinks.ts","ok","200","huomio","https://www.nyaostis.fi/","nyaostis.fi","nyaostis.fi","ei","RDAP 429","ok","Nya Östis - Förankrad i bygden","70","piilota","","","Ei HTTPS-yhteyttä; Ei HTTPS-yhteyttä; Turvallisuushuomio"
"26.7.2026 klo 11.37","Lehdet","Suomalaiset paikallislehdet","Orimattilan Sanomat","http://www.orimattilansanomat.fi/","localNewspaperLinks.ts","ok","200","huomio","https://www.orimattilansanomat.fi/","orimattilansanomat.fi","orimattilansanomat.fi","ei","RDAP 429","ok","Orimattilan Sanomat","70","piilota","","","Ei HTTPS-yhteyttä; Ei HTTPS-yhteyttä; Turvallisuushuomio"
"26.7.2026 klo 11.37","Lehdet","Suomalaiset paikallislehdet","Paikallislehti Sisä-Savo","http://www.sisa-savolehti.fi","localNewspaperLinks.ts","ok","200","huomio","https://www.sisa-savolehti.fi/","sisa-savolehti.fi","sisa-savolehti.fi","ei","RDAP 429","ok","Etusivu | Paikallislehti Sisä-Savo","70","piilota","","","Ei HTTPS-yhteyttä; Ei HTTPS-yhteyttä; Turvallisuushuomio"
"26.7.2026 klo 11.37","Lehdet","Suomalaiset paikallislehdet","Pargas Kungörelser – Paraisten Kuulutukset","http://www.pku.fi/","localNewspaperLinks.ts","ok","200","huomio","https://www.pku.fi/","pku.fi","pku.fi","ei","RDAP 429","ok","Framsida | Pargas Kungörelser","70","piilota","","","Ei HTTPS-yhteyttä; Ei HTTPS-yhteyttä; Turvallisuushuomio"
"26.7.2026 klo 11.37","Lehdet","Suomalaiset paikallislehdet","Perniönseudun Lehti","http://www.pernionseudunlehti.fi","localNewspaperLinks.ts","ok","200","huomio","https://www.pernionseudunlehti.fi/","pernionseudunlehti.fi","pernionseudunlehti.fi","ei","RDAP 429","ok","Etusivu | Perniönseudun Lehti","70","piilota","","","Ei HTTPS-yhteyttä; Ei HTTPS-yhteyttä; Turvallisuushuomio"
"26.7.2026 klo 11.37","Lehdet","Suomalaiset paikallislehdet","Pietarsaaren Sanomat","http://www.pietarsaarensanomat.fi/","localNewspaperLinks.ts","ok","200","huomio","https://www.pietarsaarensanomat.fi/","pietarsaarensanomat.fi","pietarsaarensanomat.fi","ei","RDAP 429","ok","Etusivu | Pietarsaaren Sanomat","70","piilota","","","Ei HTTPS-yhteyttä; Ei HTTPS-yhteyttä; Turvallisuushuomio"
"26.7.2026 klo 11.37","Lehdet","Suomalaiset paikallislehdet","Pohjankyrö-lehti","http://www.pohjankyro-lehti.fi","localNewspaperLinks.ts","ok","206","huomio","https://www.pohjankyro-lehti.fi/","pohjankyro-lehti.fi","pohjankyro-lehti.fi","ei","RDAP 429","ok","Pohjankyrö - lehti | Etusivu","70","piilota","","","Ei HTTPS-yhteyttä; Ei HTTPS-yhteyttä; Turvallisuushuomio"
"26.7.2026 klo 11.37","Lehdet","Suomalaiset paikallislehdet","Pohjois-Satakunta","http://www.pohjoissatakuntalehti.fi","localNewspaperLinks.ts","ok","200","huomio","http://www.pohjoissatakuntalehti.fi/","pohjoissatakuntalehti.fi","pohjoissatakuntalehti.fi","ei","RDAP 429","ok","POHJOISSATAKUNTALEHTI.FI<br><br>This domain name is not available for registration","110","piilota","","","Ei HTTPS-yhteyttä; Ei HTTPS-yhteyttä; Turvallisuushuomio; Lopullinen osoite ei käytä HTTPS-yhteyttä"
"26.7.2026 klo 11.37","Lehdet","Suomalaiset paikallislehdet","Punkalaitumen Sanomat","http://www.punkalaitumensanomat.fi","localNewspaperLinks.ts","ok","200","huomio","https://www.punkalaitumensanomat.fi/","punkalaitumensanomat.fi","punkalaitumensanomat.fi","ei","RDAP 429","ok","Punkalaitumen Sanomat - Verkkolehti","70","piilota","","","Ei HTTPS-yhteyttä; Ei HTTPS-yhteyttä; Turvallisuushuomio"
"26.7.2026 klo 11.37","Lehdet","Suomalaiset paikallislehdet","Rannikkoseutu","http://www.rannikkoseutu.fi","localNewspaperLinks.ts","ok","200","huomio","https://www.rannikkoseutu.fi/","rannikkoseutu.fi","rannikkoseutu.fi","ei","RDAP 429","ok","Rannikkoseutu","70","piilota","","","Ei HTTPS-yhteyttä; Ei HTTPS-yhteyttä; Turvallisuushuomio"
"26.7.2026 klo 11.37","Lehdet","Suomalaiset paikallislehdet","Reisjärvi (lehti)","http://www.reisjarvilehti.fi/","localNewspaperLinks.ts","ok","200","huomio","https://reisjarvilehti.fi/","reisjarvilehti.fi","reisjarvilehti.fi","ei","RDAP 429","ok","Kotiseutulehti Reisj&auml;rvi &#8211; Verkkolehtiportaali","70","piilota","","","Ei HTTPS-yhteyttä; Ei HTTPS-yhteyttä; Turvallisuushuomio"
"26.7.2026 klo 11.37","Lehdet","Suomalaiset paikallislehdet","Siikajokilaakso (sanomalehti)","http://www.siikkis.fi","localNewspaperLinks.ts","ok","200","huomio","https://www.siikajokilaakso.fi/","siikkis.fi","siikajokilaakso.fi","kyllä","RDAP 429","ok","Etusivu | Siikajokilaakso","120","piilota","","","Ei HTTPS-yhteyttä; Ei HTTPS-yhteyttä; Turvallisuushuomio; Domain vaihtui: siikkis.fi -> siikajokilaakso.fi"
"26.7.2026 klo 11.37","Lehdet","Suomalaiset paikallislehdet","Soisalon Seutu","http://www.soisalonseutu.fi","localNewspaperLinks.ts","ok","200","huomio","https://www.soisalonseutu.fi/","soisalonseutu.fi","soisalonseutu.fi","ei","RDAP 429","ok","Etusivu | Soisalon Seutu","70","piilota","","","Ei HTTPS-yhteyttä; Ei HTTPS-yhteyttä; Turvallisuushuomio"
"26.7.2026 klo 11.37","Lehdet","Suomalaiset paikallislehdet","Somero (lehti)","http://www.somerolehti.fi/uutiset/index.html","localNewspaperLinks.ts","huomio","404","huomio","https://www.somerolehti.fi/uutiset/index.html","somerolehti.fi","somerolehti.fi","ei","RDAP 429","ei tarkistettu","","140","piilota","","","Ei HTTPS-yhteyttä; HTTP 404; Ei HTTPS-yhteyttä; Turvallisuushuomio; HTTP 404"
"26.7.2026 klo 11.37","Lehdet","Suomalaiset paikallislehdet","Suupohjan Sanomat","http://www.suupohjansanomat.fi","localNewspaperLinks.ts","ok","200","huomio","https://www.suupohjansanomat.fi/","suupohjansanomat.fi","suupohjansanomat.fi","ei","RDAP 429","ok","Etusivu | Suupohjan Sanomat","70","piilota","","","Ei HTTPS-yhteyttä; Ei HTTPS-yhteyttä; Turvallisuushuomio"
"26.7.2026 klo 11.37","Lehdet","Suomalaiset paikallislehdet","Teisko-Aitolahti","http://www.ruovesi-lehti.fi/","localNewspaperLinks.ts","ok","206","huomio","https://www.ruovesi-lehti.fi/","ruovesi-lehti.fi","ruovesi-lehti.fi","ei","RDAP 429","huomio","Etusivu - Ruovesi-lehti","105","piilota","","","Ei HTTPS-yhteyttä; Sivun otsikko tai sisältö ei selvästi vastaa linkin nimeä; Ei HTTPS-yhteyttä; Turvallisuushuomio; Sisältötarkistus vaatii huomiota"
"26.7.2026 klo 11.37","Lehdet","Suomalaiset paikallislehdet","Tejuka","http://www.tejuka-lehti.fi","localNewspaperLinks.ts","ok","206","huomio","https://www.tejuka-lehti.fi/","tejuka-lehti.fi","tejuka-lehti.fi","ei","Elisa Oyj","ok","Tejuka - lehti","70","piilota","","","Ei HTTPS-yhteyttä; Ei HTTPS-yhteyttä; Turvallisuushuomio"
"26.7.2026 klo 11.37","Lehdet","Suomalaiset paikallislehdet","Tervareitti","https://www.tervareitti.fi/","localNewspaperLinks.ts","ok","200","ok","https://www.tervareitti.fi/","tervareitti.fi","tervareitti.fi","ei","RDAP 429","huomio","","35","tarkista","","","HTML-sivulta ei löytynyt otsikkoa; Sivun otsikko tai sisältö ei selvästi vastaa linkin nimeä; Sisältötarkistus vaatii huomiota"
"26.7.2026 klo 11.37","Lehdet","Suomalaiset paikallislehdet","Topikki","https://topikki.fi/","localNewspaperLinks.ts","virhe","","huomio","","topikki.fi","topikki.fi","ei","RDAP 429","ei tarkistettu","","110","piilota","","","DNS ei ratkennut: ENOTFOUND; fetch failed; Turvallisuushuomio; HTTP-tarkistus epäonnistui"
"26.7.2026 klo 11.37","Lehdet","Suomalaiset paikallislehdet","Turun Tienoo","http://www.turuntienoo.fi/","localNewspaperLinks.ts","ok","200","huomio","https://www.turuntienoo.fi/content/fi/2/10005/Etusivu.html","turuntienoo.fi","turuntienoo.fi","ei","Online Solutions Oy","ok","Etusivu | Turun tienoo","70","piilota","","","Ei HTTPS-yhteyttä; Ei HTTPS-yhteyttä; Turvallisuushuomio"
"26.7.2026 klo 11.37","Lehdet","Suomalaiset paikallislehdet","Tyrvään Sanomat","http://www.tyrvaansanomat.fi/Etusivu","localNewspaperLinks.ts","huomio","404","huomio","https://www.tyrvaansanomat.fi/Etusivu/","tyrvaansanomat.fi","tyrvaansanomat.fi","ei","Sanoma Media Finland Oy","ei tarkistettu","","140","piilota","","","Ei HTTPS-yhteyttä; HTTP 404; Ei HTTPS-yhteyttä; Turvallisuushuomio; HTTP 404"
"26.7.2026 klo 11.37","Lehdet","Suomalaiset paikallislehdet","Urjalan Sanomat","http://www.urjalansanomat.fi/","localNewspaperLinks.ts","ok","200","huomio","https://urjalansanomat.fi/","urjalansanomat.fi","urjalansanomat.fi","ei","Urjalan Sanomat Oy","ok","Urjalan Sanomat","70","piilota","","","Ei HTTPS-yhteyttä; Ei HTTPS-yhteyttä; Turvallisuushuomio"
"26.7.2026 klo 11.37","Lehdet","Suomalaiset paikallislehdet","Uudenkaupungin Sanomat","http://www.uudenkaupunginsanomat.fi/","localNewspaperLinks.ts","ok","200","huomio","https://www.uudenkaupunginsanomat.fi/","uudenkaupunginsanomat.fi","uudenkaupunginsanomat.fi","ei","TS-Yhtymä Oy","ok","Uudenkaupunginsanomat","70","piilota","","","Ei HTTPS-yhteyttä; Ei HTTPS-yhteyttä; Turvallisuushuomio"
"26.7.2026 klo 11.37","Lehdet","Suomalaiset paikallislehdet","Vaarojen Sanomat","http://www.vaarojensanomat.fi","localNewspaperLinks.ts","ok","200","huomio","https://www.vaarojensanomat.fi/-6.1.0d4abcd258","vaarojensanomat.fi","vaarojensanomat.fi","ei","RDAP 429","ok","Vaarojen Sanomat","70","piilota","","","Ei HTTPS-yhteyttä; Ei HTTPS-yhteyttä; Turvallisuushuomio"
"26.7.2026 klo 11.37","Lehdet","Suomalaiset paikallislehdet","Viiskunta","http://www.viiskunta.fi","localNewspaperLinks.ts","ok","200","huomio","https://www.viiskunta.fi/","viiskunta.fi","viiskunta.fi","ei","RDAP 429","ok","Etusivu | Viiskunta","70","piilota","","","Ei HTTPS-yhteyttä; Ei HTTPS-yhteyttä; Turvallisuushuomio"
"26.7.2026 klo 11.37","Lehdet","Suomalaiset paikallislehdet","Viitasaaren Seutu","http://www.viitasaarenseutu.fi/","localNewspaperLinks.ts","ok","200","huomio","https://www.viitasaarenseutu.fi/","viitasaarenseutu.fi","viitasaarenseutu.fi","ei","RDAP 429","ok","Etusivu | Viitasaaren Seutu","70","piilota","","","Ei HTTPS-yhteyttä; Ei HTTPS-yhteyttä; Turvallisuushuomio"
"26.7.2026 klo 11.37","Lehdet","Suomalaiset paikallislehdet","Ykkössanomat","http://www.ykkossanomat.fi/","localNewspaperLinks.ts","ok","200","huomio","http://www.ykkossanomat.fi/","ykkossanomat.fi","ykkossanomat.fi","ei","Nokian autopesu","huomio","test — Ravintola EstsetARDEQssa","145","piilota","","","Ei HTTPS-yhteyttä; Sivun otsikko tai sisältö ei selvästi vastaa linkin nimeä; Ei HTTPS-yhteyttä; Turvallisuushuomio; Lopullinen osoite ei käytä HTTPS-yhteyttä; Sisältötarkistus vaatii huomiota"
"26.7.2026 klo 11.37","Lehdet","Suomalaiset paikallislehdet","Ylä-Kainuu","http://www.ylakainuu.fi","localNewspaperLinks.ts","ok","200","huomio","https://www.ylakainuu.fi/","ylakainuu.fi","ylakainuu.fi","ei","RDAP 429","ok","Etusivu | Ylä-Kainuu","70","piilota","","","Ei HTTPS-yhteyttä; Ei HTTPS-yhteyttä; Turvallisuushuomio"
"26.7.2026 klo 11.37","Lehdet","Suomalaiset paikallislehdet","Ylä-Karjala (lehti)","http://www.ylakarjala.com","localNewspaperLinks.ts","virhe","","huomio","","ylakarjala.com","ylakarjala.com","ei","RDAP 429","ei tarkistettu","","190","piilota","","","Ei HTTPS-yhteyttä; DNS ei ratkennut: EAI_AGAIN; fetch failed; Ei HTTPS-yhteyttä; Turvallisuushuomio; HTTP-tarkistus epäonnistui; Lopullinen osoite ei käytä HTTPS-yhteyttä"
"26.7.2026 klo 11.37","Lehdet","Suomalaiset paikallislehdet","Ähtärinjärven Uutisnuotta","http://www.ahtarinjarvenuutisnuotta.net/","localNewspaperLinks.ts","ok","200","huomio","https://www.ahtarinjarvenuutisnuotta.net/","ahtarinjarvenuutisnuotta.net","ahtarinjarvenuutisnuotta.net","ei","RDAP 429","ok","Ähtärijärven Uutisnuotta","70","piilota","","","Ei HTTPS-yhteyttä; Ei HTTPS-yhteyttä; Turvallisuushuomio"
"26.7.2026 klo 11.37","Paikallinen ohjattu liikunta","Alueelliset","Akaa - Liikuntaryhmät 2026","https://akaa.fi/tee-ja-viihdy/liikunta/erityisryhmien-liikunta/liikuntaryhmat/","localExerciseLinks.ts","huomio","404","ok","https://akaa.fi/tee-ja-viihdy/liikunta/erityisryhmien-liikunta/liikuntaryhmat/","akaa.fi","akaa.fi","ei","Akaan kaupunki","ei tarkistettu","","70","piilota","","","HTTP 404; HTTP 404"
"26.7.2026 klo 11.37","Paikallinen ohjattu liikunta","Alueelliset","Petäjävesi - Soveltava liikunta","https://www.petajavesi.fi/vapaa-aika-ja-kulttuuri/vapaa-ajan-palvelut2017/soveltava-liikunta","localExerciseLinks.ts","huomio","404","ok","https://www.petajavesi.fi/vapaa-aika-ja-kulttuuri/vapaa-ajan-palvelut2017/soveltava-liikunta","petajavesi.fi","petajavesi.fi","ei","RDAP 429","ei tarkistettu","","70","piilota","","","HTTP 404; HTTP 404"
"26.7.2026 klo 11.37","Paikallinen ohjattu liikunta","Alueelliset","Savukoski - Kevään 2026 liikuntaryhmät","https://www.savukoski.fi/news-article/liikuntapalvelut/","localExerciseLinks.ts","huomio","404","ok","https://www.savukoski.fi/news-article/liikuntapalvelut/","savukoski.fi","savukoski.fi","ei","RDAP 429","ei tarkistettu","","70","piilota","","","HTTP 404; HTTP 404"
"26.7.2026 klo 11.37","Paikalliset erikoislinkit","Julkinen liikenne","A. Lamminmäki Kihniö-Parkano","https://www.matkahuolto.fi/matkustajat/lamminmaen-liput-kankaanpaa-parkano","localServices.ts","ok","200","ok","https://www.matkahuolto.fi/matkustajat/lamminmaen-liput-kankaanpaa-parkano","matkahuolto.fi","matkahuolto.fi","ei","Oy Matkahuolto Ab","huomio","Lamminmäen liput - Matkahuolto","35","tarkista","","","Sivun otsikko tai sisältö ei selvästi vastaa linkin nimeä; Sisältötarkistus vaatii huomiota"
"26.7.2026 klo 11.37","Paikalliset erikoislinkit","Julkinen liikenne","Hausjärven joukkoliikenne","https://www.hausjarvi.fi/asuminen-ja-rakentaminen/kadut-liikenne-ja-yleiset-alueet/joukkoliikenne/","localServices.ts","huomio","500","ok","https://www.hausjarvi.fi/asuminen-ja-rakentaminen/kadut-liikenne-ja-yleiset-alueet/joukkoliikenne/","hausjarvi.fi","hausjarvi.fi","ei","Hausjärven kunta","ei tarkistettu","","60","piilota","","","HTTP 500; HTTP 500"
"26.7.2026 klo 11.37","Paikalliset erikoislinkit","Julkinen liikenne","HSL","https://www.hsl.fi/","localServices.ts","huomio","403","ok","https://www.hsl.fi/","hsl.fi","hsl.fi","ei","HSL Helsingin seudun liikenne","ei tarkistettu","","30","tarkista","","","HTTP 403; HTTP 403"
"26.7.2026 klo 11.37","Paikalliset erikoislinkit","Julkinen liikenne","INGSVA Go","https://www.matkahuolto.fi/matkustajat/kokkola-kristiinankaupunki","localServices.ts","ok","200","ok","https://www.matkahuolto.fi/matkustajat/kokkola-kristiinankaupunki","matkahuolto.fi","matkahuolto.fi","ei","Oy Matkahuolto Ab","huomio","Kokkola-Kristiinankaupunki | Matkahuolto - Matkahuolto","35","tarkista","","","Sivun otsikko tai sisältö ei selvästi vastaa linkin nimeä; Sisältötarkistus vaatii huomiota"
"26.7.2026 klo 11.37","Paikalliset erikoislinkit","Julkinen liikenne","Kuhmoisten julkinen liikenne","https://www.kuhmoinen.fi/asuminen%20ja%20ymp%C3%A4rist%C3%B6/kadut%20ja%20liikenne/julkinen%20liikenne/","localServices.ts","ok","200","ok","https://www.kuhmoinen.fi/asuminen%20ja%20ymp%C3%A4rist%C3%B6/kadut%20ja%20liikenne/julkinen%20liikenne/","kuhmoinen.fi","kuhmoinen.fi","ei","RDAP 429","huomio","This site requires javascript","35","tarkista","","","Sivun otsikko tai sisältö ei selvästi vastaa linkin nimeä; Sisältötarkistus vaatii huomiota"
"26.7.2026 klo 11.37","Paikalliset erikoislinkit","Julkinen liikenne","Kuusamon paikallisliikenne","https://www.kuusamo.fi/asuminen-ja-ymparisto/asuminen/paikallisliikenne/","localServices.ts","huomio","500","ok","https://www.kuusamo.fi/asuminen-ja-ymparisto/asuminen/paikallisliikenne/","kuusamo.fi","kuusamo.fi","ei","RDAP 429","ei tarkistettu","","60","piilota","","","HTTP 500; HTTP 500"
"26.7.2026 klo 11.37","Paikalliset erikoislinkit","Julkinen liikenne","Lopen joukkoliikenne","https://www.loppi.fi/asuminen-ja-ymparisto/joukkoliikenne/","localServices.ts","huomio","500","ok","https://www.loppi.fi/asuminen-ja-ymparisto/joukkoliikenne/","loppi.fi","loppi.fi","ei","Lopen kunta","ei tarkistettu","","60","piilota","","","HTTP 500; HTTP 500"
"26.7.2026 klo 11.37","Paikalliset erikoislinkit","Julkinen liikenne","Luodon joukkoliikenne","https://larsmo.fi/boende-och-miljo/vagar-bathamnar-och-almanna-omraden/vagar-och-trafikleder/kollektivtrafik/","localServices.ts","ok","200","ok","https://larsmo.fi/boende-och-miljo/vagar-bathamnar-och-almanna-omraden/vagar-och-trafikleder/kollektivtrafik/","larsmo.fi","larsmo.fi","ei","RDAP 429","huomio","Kollektivtrafik &#187; Larsmo Larsmo","35","tarkista","","","Sivun otsikko tai sisältö ei selvästi vastaa linkin nimeä; Sisältötarkistus vaatii huomiota"
"26.7.2026 klo 11.37","Paikalliset erikoislinkit","Julkinen liikenne","Merijärven liikenneyhteydet","https://www.merijarvi.fi/hallinto-ja-paatoksenteko/kuntainfo","localServices.ts","ok","200","ok","https://www.merijarvi.fi/hallinto-ja-paatoksenteko/kuntainfo","merijarvi.fi","merijarvi.fi","ei","RDAP 429","huomio","Kuntainfo | Merijärvi","35","tarkista","","","Sivun otsikko tai sisältö ei selvästi vastaa linkin nimeä; Sisältötarkistus vaatii huomiota"
"26.7.2026 klo 11.37","Paikalliset erikoislinkit","Julkinen liikenne","OnniBus Kyyjärvi","https://www.onnibus.com/kyyjarvi-kauppakeskus-paletti","localServices.ts","huomio","403","ok","https://www.onnibus.com/kyyjarvi-kauppakeskus-paletti","onnibus.com","onnibus.com","ei","RDAP 429","ei tarkistettu","","30","tarkista","","","HTTP 403; HTTP 403"
"26.7.2026 klo 11.37","Paikalliset erikoislinkit","Julkinen liikenne","Pietarsaaren liikenneyhteydet","https://jakobstad.fi/trafikforbindelser","localServices.ts","ok","200","ok","https://jakobstad.fi/trafikforbindelser","jakobstad.fi","jakobstad.fi","ei","RDAP 429","huomio","Trafikförbindelser - Jakobstad","35","tarkista","","","Sivun otsikko tai sisältö ei selvästi vastaa linkin nimeä; Sisältötarkistus vaatii huomiota"
"26.7.2026 klo 11.37","Paikalliset erikoislinkit","Julkinen liikenne","Riihimäen joukkoliikenne","https://www.riihimaki.fi/asu-ja-rakenna/liikenne-ja-kadut/joukkoliikenne/","localServices.ts","huomio","500","ok","https://www.riihimaki.fi/asu-ja-rakenna/liikenne-ja-kadut/joukkoliikenne/","riihimaki.fi","riihimaki.fi","ei","Riihimäen kaupunki","ei tarkistettu","","60","piilota","","","HTTP 500; HTTP 500"
"26.7.2026 klo 11.37","Paikalliset erikoislinkit","Julkinen liikenne","Vöyrin joukkoliikenne","https://www.vora.fi/tjanster/trafik-och-vagar","localServices.ts","ok","200","ok","https://www.vora.fi/tjanster/trafik-och-vagar","vora.fi","vora.fi","ei","RDAP 429","huomio","Vägar i Vörå Kommun","35","tarkista","","","Sivun otsikko tai sisältö ei selvästi vastaa linkin nimeä; Sisältötarkistus vaatii huomiota"
"26.7.2026 klo 11.37","Paikalliset erikoislinkit","Palveluliikenne","Hausjärvi palvelulinja","https://www.hausjarvi.fi/asuminen-ja-rakentaminen/kadut-liikenne-ja-yleiset-alueet/joukkoliikenne/","localServiceTransportLinks.ts","huomio","500","ok","https://www.hausjarvi.fi/asuminen-ja-rakentaminen/kadut-liikenne-ja-yleiset-alueet/joukkoliikenne/","hausjarvi.fi","hausjarvi.fi","ei","Hausjärven kunta","ei tarkistettu","","60","piilota","","","HTTP 500; HTTP 500"
"26.7.2026 klo 11.37","Paikalliset erikoislinkit","Palveluliikenne","HSL Espoon lähibussit","https://www.hsl.fi/matkustaminen/lahibussit","localServiceTransportLinks.ts","huomio","403","ok","https://www.hsl.fi/matkustaminen/lahibussit","hsl.fi","hsl.fi","ei","HSL Helsingin seudun liikenne","ei tarkistettu","","30","tarkista","","","HTTP 403; HTTP 403"
"26.7.2026 klo 11.37","Paikalliset erikoislinkit","Palveluliikenne","Hyrynsalmi palveluliikenne","https://hyrynsalmi.fi/asuminen-ja-ymparisto/tiet-ja-yleiset-alueet/asiointiliikenne/","localServiceTransportLinks.ts","ok","200","ok","https://hyrynsalmi.fi/asuminen-ja-ymparisto/tiet-ja-yleiset-alueet/asiointiliikenne/","hyrynsalmi.fi","hyrynsalmi.fi","ei","RDAP 429","huomio","Asiointiliikenne - Hyrynsalmen kunta","35","tarkista","","","Sivun otsikko tai sisältö ei selvästi vastaa linkin nimeä; Sisältötarkistus vaatii huomiota"
"26.7.2026 klo 11.37","Paikalliset erikoislinkit","Palveluliikenne","Joroinen palveluliikenne","https://www.joroinen.fi/asuminen-ja-ymparisto/liikenne/palveluliikenne-pali/","localServiceTransportLinks.ts","huomio","404","ok","https://www.joroinen.fi/asuminen-ja-ymparisto/liikenne/palveluliikenne-pali/","joroinen.fi","joroinen.fi","ei","RDAP 429","ei tarkistettu","","70","piilota","","","HTTP 404; HTTP 404"
"26.7.2026 klo 11.37","Paikalliset erikoislinkit","Palveluliikenne","Kirkkonummen lähibussit","https://kirkkonummi.fi/hsl-kirkkonummella-liikennoi-kaksi-kutsupohjaista-lahibussia/","localServiceTransportLinks.ts","ok","200","ok","https://kirkkonummi.fi/hsl-kirkkonummella-liikennoi-kaksi-kutsupohjaista-lahibussia/","kirkkonummi.fi","kirkkonummi.fi","ei","Elisa Oyj","huomio","HSL: Kirkkonummella liikennöi kaksi kutsupohjaista lähibussia  - Kirkkonummi","35","tarkista","","","Sivun otsikko tai sisältö ei selvästi vastaa linkin nimeä; Sisältötarkistus vaatii huomiota"
"26.7.2026 klo 11.37","Paikalliset erikoislinkit","Palveluliikenne","Kiuruvesi palveluliikenne","https://kiuruvesi.fi/asuminen-ja-ymparisto/liikenne/palveluliikenne/","localServiceTransportLinks.ts","huomio","404","ok","https://kiuruvesi.fi/asuminen-ja-ymparisto/liikenne/palveluliikenne/","kiuruvesi.fi","kiuruvesi.fi","ei","RDAP 429","ei tarkistettu","","70","piilota","","","HTTP 404; HTTP 404"
"26.7.2026 klo 11.37","Paikalliset erikoislinkit","Palveluliikenne","Kuhmoinen asiointiliikenne","https://www.kuhmoinen.fi/asuminen%20ja%20ymp%C3%A4rist%C3%B6/kadut%20ja%20liikenne/julkinen%20liikenne/","localServiceTransportLinks.ts","ok","200","ok","https://www.kuhmoinen.fi/asuminen%20ja%20ymp%C3%A4rist%C3%B6/kadut%20ja%20liikenne/julkinen%20liikenne/","kuhmoinen.fi","kuhmoinen.fi","ei","RDAP 429","huomio","This site requires javascript","35","tarkista","","","Sivun otsikko tai sisältö ei selvästi vastaa linkin nimeä; Sisältötarkistus vaatii huomiota"
"26.7.2026 klo 11.37","Paikalliset erikoislinkit","Palveluliikenne","Kuopio PALI-palveluliikenne","https://vilkku.kuopio.fi/pali","localServiceTransportLinks.ts","huomio","404","ok","https://vilkku.kuopio.fi/pali","kuopio.fi","kuopio.fi","ei","RDAP 429","ei tarkistettu","","70","piilota","","","HTTP 404; HTTP 404"
"26.7.2026 klo 11.37","Paikalliset erikoislinkit","Palveluliikenne","Kuusamo sivukylien asiointiliikenne","https://www.kuusamo.fi/asuminen-ja-ymparisto/asuminen/paikallisliikenne/","localServiceTransportLinks.ts","huomio","500","ok","https://www.kuusamo.fi/asuminen-ja-ymparisto/asuminen/paikallisliikenne/","kuusamo.fi","kuusamo.fi","ei","RDAP 429","ei tarkistettu","","60","piilota","","","HTTP 500; HTTP 500"
"26.7.2026 klo 11.37","Paikalliset erikoislinkit","Palveluliikenne","Lapinlahti asiointiliikenne","https://lapinlahti.fi/liikenne/","localServiceTransportLinks.ts","huomio","404","ok","https://lapinlahti.fi/liikenne/","lapinlahti.fi","lapinlahti.fi","ei","RDAP 429","ei tarkistettu","","70","piilota","","","HTTP 404; HTTP 404"
"26.7.2026 klo 11.37","Paikalliset erikoislinkit","Palveluliikenne","Loppi palveluliikenne","https://www.loppi.fi/asuminen-ja-ymparisto/joukkoliikenne/","localServiceTransportLinks.ts","huomio","500","ok","https://www.loppi.fi/asuminen-ja-ymparisto/joukkoliikenne/","loppi.fi","loppi.fi","ei","Lopen kunta","ei tarkistettu","","60","piilota","","","HTTP 500; HTTP 500"
"26.7.2026 klo 11.37","Paikalliset erikoislinkit","Palveluliikenne","Luoto VIP-palvelulinja","https://larsmo.fi/vard-och-omsorg/seniortjanster/servicelinjen-vip/","localServiceTransportLinks.ts","ok","200","ok","https://larsmo.fi/vard-och-omsorg/seniortjanster/servicelinjen-vip/","larsmo.fi","larsmo.fi","ei","RDAP 429","huomio","Servicelinjen VIP &#187; Larsmo Larsmo","35","tarkista","","","Sivun otsikko tai sisältö ei selvästi vastaa linkin nimeä; Sisältötarkistus vaatii huomiota"
"26.7.2026 klo 11.37","Paikalliset erikoislinkit","Palveluliikenne","Outokumpu palveluliikenne","https://www.outokummunkaupunki.fi/asuminen-ja-ymparisto/kadut-ja-liikenne/joukkoliikenne/","localServiceTransportLinks.ts","ok","200","ok","https://www.outokummunkaupunki.fi/asuminen-ja-ymparisto/kadut-ja-liikenne/joukkoliikenne/","outokummunkaupunki.fi","outokummunkaupunki.fi","ei","RDAP 429","huomio","Joukkoliikenne - Outokummun kaupunki","35","tarkista","","","Sivun otsikko tai sisältö ei selvästi vastaa linkin nimeä; Sisältötarkistus vaatii huomiota"
"26.7.2026 klo 11.37","Paikalliset erikoislinkit","Palveluliikenne","Paimio palveluliikenne","https://www.paimio.fi/palvelu/palveluliikenne/","localServiceTransportLinks.ts","huomio","500","ok","https://www.paimio.fi/palvelu/palveluliikenne/","paimio.fi","paimio.fi","ei","RDAP 429","ei tarkistettu","","60","piilota","","","HTTP 500; HTTP 500"
"26.7.2026 klo 11.37","Paikalliset erikoislinkit","Palveluliikenne","Pietarsaari Vippari","https://jakobstad.fi/trafikforbindelser","localServiceTransportLinks.ts","ok","200","ok","https://jakobstad.fi/trafikforbindelser","jakobstad.fi","jakobstad.fi","ei","RDAP 429","huomio","Trafikförbindelser - Jakobstad","35","tarkista","","","Sivun otsikko tai sisältö ei selvästi vastaa linkin nimeä; Sisältötarkistus vaatii huomiota"
"26.7.2026 klo 11.37","Paikalliset erikoislinkit","Palveluliikenne","Pudasjärvi palveluliikenne","https://www.pudasjarvi.fi/asuminen-ja-ymparisto/liikenneyhteydet/asiointiliikenne/","localServiceTransportLinks.ts","huomio","404","ok","https://www.pudasjarvi.fi/asuminen-ja-ymparisto/liikenneyhteydet/asiointiliikenne/","pudasjarvi.fi","pudasjarvi.fi","ei","RDAP 429","ei tarkistettu","","70","piilota","","","HTTP 404; HTTP 404"
"26.7.2026 klo 11.37","Paikalliset erikoislinkit","Palveluliikenne","Rantasalmi palveluliikenne","https://rantasalmi.fi/asuminen-ja-ymparisto/kadut-ja-liikenne/asiointiliikenne/","localServiceTransportLinks.ts","ok","200","ok","https://rantasalmi.fi/asuminen-ja-ymparisto/kadut-ja-liikenne/asiointiliikenne/","rantasalmi.fi","rantasalmi.fi","ei","RDAP 429","huomio","Asiointiliikenne | Rantasalmen kunta","35","tarkista","","","Sivun otsikko tai sisältö ei selvästi vastaa linkin nimeä; Sisältötarkistus vaatii huomiota"
"26.7.2026 klo 11.37","Paikalliset erikoislinkit","Palveluliikenne","Riihimäki R-kyyti","https://www.riihimaki.fi/asu-ja-rakenna/liikenne-ja-kadut/joukkoliikenne/r-kyyti/","localServiceTransportLinks.ts","huomio","500","ok","https://www.riihimaki.fi/asu-ja-rakenna/liikenne-ja-kadut/joukkoliikenne/r-kyyti/","riihimaki.fi","riihimaki.fi","ei","Riihimäen kaupunki","ei tarkistettu","","60","piilota","","","HTTP 500; HTTP 500"
"26.7.2026 klo 11.37","Paikalliset erikoislinkit","Palveluliikenne","Ruovesi palveluliikenne","https://www.ruovesi.fi/ruoveden-kunnan-asiointiliikenne-kesa-2026-16-982026","localServiceTransportLinks.ts","ok","200","ok","https://www.ruovesi.fi/ruoveden-kunnan-asiointiliikenne-kesa-2026-16-982026","ruovesi.fi","ruovesi.fi","ei","RDAP 429","huomio","Tiedotteet - Ruoveden kunta","35","tarkista","","","Sivun otsikko tai sisältö ei selvästi vastaa linkin nimeä; Sisältötarkistus vaatii huomiota"
"26.7.2026 klo 11.37","Paikalliset erikoislinkit","Palveluliikenne","Siilinjärvi palveluliikenne","https://siilinjarvi.fi/asuminen-ja-ymparisto/joukkoliikenne/","localServiceTransportLinks.ts","ok","200","ok","https://siilinjarvi.fi/asuminen-ja-ymparisto/joukkoliikenne/","siilinjarvi.fi","siilinjarvi.fi","ei","RDAP 429","huomio","Joukkoliikenne - Siilinjärven kunnan verkkosivut","35","tarkista","","","Sivun otsikko tai sisältö ei selvästi vastaa linkin nimeä; Sisältötarkistus vaatii huomiota"
"26.7.2026 klo 11.37","Paikalliset erikoislinkit","Palveluliikenne","Siuntion Avainlinjat","https://www.hsl.fi/matkustaminen/lahibussit","localServiceTransportLinks.ts","huomio","403","ok","https://www.hsl.fi/matkustaminen/lahibussit","hsl.fi","hsl.fi","ei","HSL Helsingin seudun liikenne","ei tarkistettu","","30","tarkista","","","HTTP 403; HTTP 403"
"26.7.2026 klo 11.37","Paikalliset erikoislinkit","Palveluliikenne","Sonkajärvi asiointi- ja palveluliikenne","https://www.sonkajarvi.fi/asuminen-ja-ymparisto/tiet-ja-liikenne/joukkoliikenne/","localServiceTransportLinks.ts","huomio","404","ok","https://www.sonkajarvi.fi/asuminen-ja-ymparisto/tiet-ja-liikenne/joukkoliikenne/","sonkajarvi.fi","sonkajarvi.fi","ei","RDAP 429","ei tarkistettu","","70","piilota","","","HTTP 404; HTTP 404"
"26.7.2026 klo 11.37","Paikalliset erikoislinkit","Palveluliikenne","Uurainen kutsutaksi","https://uurainen.fi/sosiaali-ja-terveyspalvelut/ikaihmiset/ennaltaehkaiseva-tyo-ja-arjen-tukeminen/","localServiceTransportLinks.ts","ok","200","ok","https://uurainen.fi/sosiaali-ja-terveyspalvelut/ikaihmiset/ennaltaehkaiseva-tyo-ja-arjen-tukeminen/","uurainen.fi","uurainen.fi","ei","RDAP 429","huomio","Ennaltaehkäisevä työ ja arjen tukeminen - Uuraisten kunta","35","tarkista","","","Sivun otsikko tai sisältö ei selvästi vastaa linkin nimeä; Sisältötarkistus vaatii huomiota"
"26.7.2026 klo 11.37","Paikalliset erikoislinkit","Palveluliikenne","Vesanto palveluliikenne","https://vesanto.fi/kuuslahti-kutsutaksi/","localServiceTransportLinks.ts","ok","200","ok","https://vesanto.fi/kuuslahti-kutsutaksi/","vesanto.fi","vesanto.fi","ei","VESANNON KUNTA","huomio","Kuuslahti/Kutsutaksi - Vesannon kunta","35","tarkista","","","Sivun otsikko tai sisältö ei selvästi vastaa linkin nimeä; Sisältötarkistus vaatii huomiota"
"26.7.2026 klo 11.37","Paikalliset erikoislinkit","Palveluliikenne","Vihti palveluliikenne","https://www.vihti.fi/kategoria/liikenne-ja-joukkoliikenne/","localServiceTransportLinks.ts","ok","200","ok","https://www.vihti.fi/kategoria/liikenne-ja-joukkoliikenne/","vihti.fi","vihti.fi","ei","Vihdin kunta","huomio","Liikenne ja joukkoliikenne","35","tarkista","","","Sivun otsikko tai sisältö ei selvästi vastaa linkin nimeä; Sisältötarkistus vaatii huomiota"
"26.7.2026 klo 11.37","Paikalliset urheiluseurat","Joensuu","Joensuun Maila","https://joensuunmaila.fi/","localSportsClubs.ts","ok","200","ok","https://joensuunmaila.fi/","joensuunmaila.fi","joensuunmaila.fi","ei","JOENSUUN MAILA R.Y.","huomio","Joensuun Maila | Joensuun Maila","35","tarkista","","","Sivu vaikuttaa parkkisivulta tai myytävältä domainilta; Sisältötarkistus vaatii huomiota"
"26.7.2026 klo 11.37","Paikalliset urheiluseurat","Kerava","KP-75","https://www.kp-75.fi/","localSportsClubs.ts","ok","200","ok","https://www.kp-75.fi/","kp-75.fi","kp-75.fi","ei","RDAP 429","huomio","KP-75","35","tarkista","","","Sivun otsikko tai sisältö ei selvästi vastaa linkin nimeä; Sisältötarkistus vaatii huomiota"
"26.7.2026 klo 11.37","Paikalliset urheiluseurat","Keski-Uusimaa","PK Keski-Uusimaa","https://pkku.fi/","localSportsClubs.ts","ok","200","ok","https://pkku.fi/","pkku.fi","pkku.fi","ei","Pallokerho Keski-Uusimaa ry","huomio","","35","tarkista","","","HTML-sivulta ei löytynyt otsikkoa; Sivun otsikko tai sisältö ei selvästi vastaa linkin nimeä; Sisältötarkistus vaatii huomiota"
"26.7.2026 klo 11.37","Paikalliset urheiluseurat","Kotka","FC KTP","https://fcktp.fi/","localSportsClubs.ts","ok","200","ok","https://fcktp.fi/","fcktp.fi","fcktp.fi","ei","RDAP 429","huomio","","35","tarkista","","","HTML-sivulta ei löytynyt otsikkoa; Sivun otsikko tai sisältö ei selvästi vastaa linkin nimeä; Sisältötarkistus vaatii huomiota"
"26.7.2026 klo 11.37","Paikalliset urheiluseurat","Kuopio","KalPa","https://kalpa.fi/","localSportsClubs.ts","ok","200","ok","https://kalpa.fi/","kalpa.fi","kalpa.fi","ei","RDAP 429","huomio","Kalevan Pallo | KalPa","35","tarkista","","","Sivu vaikuttaa parkkisivulta tai myytävältä domainilta; Sisältötarkistus vaatii huomiota"
"26.7.2026 klo 11.37","Paikalliset urheiluseurat","Lappeenranta","SaiPa","https://saipa.fi/","localSportsClubs.ts","ok","200","ok","https://saipa.fi/","saipa.fi","saipa.fi","ei","RDAP 429","huomio","Lappeenrannan SaiPa | SaiPa","35","tarkista","","","Sivu vaikuttaa parkkisivulta tai myytävältä domainilta; Sisältötarkistus vaatii huomiota"
"26.7.2026 klo 11.37","Paikalliset urheiluseurat","Tampere","Tappara","https://www.tappara.fi/","localSportsClubs.ts","ok","200","ok","https://www.tappara.fi/","tappara.fi","tappara.fi","ei","RDAP 429","huomio","Etusivu | Tappara","35","tarkista","","","Sivu vaikuttaa parkkisivulta tai myytävältä domainilta; Sisältötarkistus vaatii huomiota"
"26.7.2026 klo 11.37","Paikalliset urheiluseurat","Turku","TPS","https://fc.tps.fi/","localSportsClubs.ts","ok","200","ok","https://fc.tps.fi/","tps.fi","tps.fi","ei","RDAP 429","huomio","FC TPS - TPS Jalkapallo","35","tarkista","","","Sivun otsikko tai sisältö ei selvästi vastaa linkin nimeä; Sisältötarkistus vaatii huomiota"
"26.7.2026 klo 11.37","Paikalliset urheiluseurat","Vaasa","Vaasan Sport","https://vaasansport.fi/","localSportsClubs.ts","ok","200","ok","https://vaasansport.fi/","vaasansport.fi","vaasansport.fi","ei","RDAP 429","huomio","Vaasan Sport | Vaasan Sport","35","tarkista","","","Sivu vaikuttaa parkkisivulta tai myytävältä domainilta; Sisältötarkistus vaatii huomiota"
"26.7.2026 klo 11.37","Palvelukategoriat","Eläkeyhdistykset","Kuurojen Liitto - senioreille","https://kuurojenliitto.fi/senioreille/","constants.tsx","ok","200","ok","https://kuurojenliitto.fi/senioreille/","kuurojenliitto.fi","kuurojenliitto.fi","ei","KUUROJEN LIITTO RY","huomio","","35","tarkista","","","Sisältötarkistus aikakatkaistiin; Sisältötarkistus vaatii huomiota"
"26.7.2026 klo 11.37","Palvelukategoriat","Eläkeyhdistykset","Sateenkaariseniorit - ryhmätoiminta","https://www.sateenkaariseniorit.fi/ryhm%C3%A4toiminta","constants.tsx","ok","200","ok","https://www.sateenkaariseniorit.fi/ryhm%C3%A4toiminta","sateenkaariseniorit.fi","sateenkaariseniorit.fi","ei","Sateenkaariseniorit ry","huomio","","35","tarkista","","","Sisältötarkistus aikakatkaistiin; Sisältötarkistus vaatii huomiota"
"26.7.2026 klo 11.37","Palvelukategoriat","Eläkeyhdistykset","Sateenkaariseniorit ry","https://www.sateenkaariseniorit.fi/","constants.tsx","ok","200","ok","https://www.sateenkaariseniorit.fi/","sateenkaariseniorit.fi","sateenkaariseniorit.fi","ei","Sateenkaariseniorit ry","huomio","","35","tarkista","","","Sisältötarkistus aikakatkaistiin; Sisältötarkistus vaatii huomiota"
"26.7.2026 klo 11.37","Palvelukategoriat","Hakukoneet","Google","https://www.google.fi/","constants.tsx","ok","200","ok","https://www.google.fi/","google.fi","google.fi","ei","Google LLC","huomio","","35","tarkista","","","Sisältötarkistus aikakatkaistiin; Sisältötarkistus vaatii huomiota"
"26.7.2026 klo 11.37","Palvelukategoriat","Hengellisyys","Raamattu.fi","https://raamattu.fi","constants.tsx","huomio","403","ok","https://www.raamattu.fi/","raamattu.fi","raamattu.fi","ei","Kirkon Keskusrahasto","ei tarkistettu","","30","tarkista","","","HTTP 403; HTTP 403"
"26.7.2026 klo 11.37","Palvelukategoriat","Hengellisyys","TV7","https://www.tv7.fi","constants.tsx","ok","200","ok","https://www.tv7.fi/","tv7.fi","tv7.fi","ei","RDAP 429","huomio","TV7 - Kun sisältö ratkaisee","35","tarkista","","","Sivun otsikko tai sisältö ei selvästi vastaa linkin nimeä; Sisältötarkistus vaatii huomiota"
"26.7.2026 klo 11.37","Palvelukategoriat","Julkiset palvelut","Digi- ja väestötietovirasto","https://dvv.fi","constants.tsx","huomio","429","ok","https://dvv.fi/henkiloasiakkaat","dvv.fi","dvv.fi","ei","Digi- ja väestötietovirasto","ei tarkistettu","","30","tarkista","","","HTTP 429; HTTP 429"
"26.7.2026 klo 11.37","Palvelukategoriat","Julkiset palvelut","Tulli","https://www.tulli.fi/","constants.tsx","huomio","429","ok","https://tulli.fi/etusivu","tulli.fi","tulli.fi","ei","Tulli","ei tarkistettu","","30","tarkista","","","HTTP 429; HTTP 429"
"26.7.2026 klo 11.37","Palvelukategoriat","Kirjallisuus","Adlibris","https://www.adlibris.com","constants.tsx","huomio","429","ok","https://www.adlibris.com/","adlibris.com","adlibris.com","ei","RDAP 429","ei tarkistettu","","30","tarkista","","","HTTP 429; HTTP 429"
"26.7.2026 klo 11.37","Palvelukategoriat","Kirjallisuus","Sähköiset kirjat (Ellibs)","https://www.ellibs.com/fi/","constants.tsx","ok","200","ok","https://ellibs.com/","ellibs.com","ellibs.com","ei","CSL Computer Service Langenbach GmbH d/b/a joker.com","huomio","","35","tarkista","","","Sisältötarkistus aikakatkaistiin; Sisältötarkistus vaatii huomiota"
"26.7.2026 klo 11.37","Palvelukategoriat","Koti","Etuovi","https://www.etuovi.com","constants.tsx","ok","200","ok","https://www.etuovi.com/","etuovi.com","etuovi.com","ei","RDAP 429","huomio","Etuovi.com - Myytävät asunnot | Suomen paras asuntohaku - yli 100 000 ilmoitusta","35","tarkista","","","Sivu vaikuttaa parkkisivulta tai myytävältä domainilta; Sisältötarkistus vaatii huomiota"
"26.7.2026 klo 11.37","Palvelukategoriat","Koti","Suomen kotikorjaukset","https://kotikorjaukset.fi/","constants.tsx","ok","200","ok","https://www.kotikorjaukset.fi/","kotikorjaukset.fi","kotikorjaukset.fi","ei","RDAP 429","huomio","Pyörätuoliluiska ja Invaramppi Helsinki, Espoo, Vantaa","35","tarkista","","","Sivun otsikko tai sisältö ei selvästi vastaa linkin nimeä; Sisältötarkistus vaatii huomiota"
"26.7.2026 klo 11.37","Palvelukategoriat","Liikenne","Google Maps","https://www.google.com/maps","constants.tsx","ok","200","ok","https://www.google.com/maps","google.com","google.com","ei","MarkMonitor Inc.","huomio","","35","tarkista","","","Sisältötarkistus aikakatkaistiin; Sisältötarkistus vaatii huomiota"
"26.7.2026 klo 11.37","Palvelukategoriat","Liikenne","HSL","https://www.hsl.fi/","constants.tsx","huomio","403","ok","https://www.hsl.fi/","hsl.fi","hsl.fi","ei","HSL Helsingin seudun liikenne","ei tarkistettu","","30","tarkista","","","HTTP 403; HTTP 403"
"26.7.2026 klo 11.37","Palvelukategoriat","Liikenne","Jouko reittiopas","https://lappeenranta.fi/fi/liikenne-ja-kaupunkiymparisto/joukkoliikenne-ja-muut-liikkumispalvelut/lappeenrannan-seudun-joukkoliikenne/reitit-ja-aikataulut","constants.tsx","ok","200","ok","https://lappeenranta.fi/fi/liikenne-ja-kaupunkiymparisto/joukkoliikenne-ja-muut-liikkumispalvelut/lappeenrannan-seudun-joukkoliikenne/reitit-ja-aikataulut","lappeenranta.fi","lappeenranta.fi","ei","Meidän IT ja talous Oy","huomio","Reitit ja aikataulut - Lappeenranta","35","tarkista","","","Sivun otsikko tai sisältö ei selvästi vastaa linkin nimeä; Sisältötarkistus vaatii huomiota"
"26.7.2026 klo 11.37","Palvelukategoriat","Liikenne","Koutsi reittiopas","https://kouvola.digitransit.fi/","constants.tsx","ok","200","ok","https://kouvola.digitransit.fi/","digitransit.fi","digitransit.fi","ei","HSL Helsingin seudun liikenne","huomio","Digitransit-reittiopas","35","tarkista","","","HTML-sivulta ei löytynyt otsikkoa; Sisältötarkistus vaatii huomiota"
"26.7.2026 klo 11.37","Palvelukategoriat","Liikenne","Linkki reittiopas","https://jyvaskyla.digitransit.fi/","constants.tsx","ok","200","ok","https://jyvaskyla.digitransit.fi/","digitransit.fi","digitransit.fi","ei","HSL Helsingin seudun liikenne","huomio","Digitransit-reittiopas","35","tarkista","","","HTML-sivulta ei löytynyt otsikkoa; Sisältötarkistus vaatii huomiota"
"26.7.2026 klo 11.37","Palvelukategoriat","Liikenne","Matkahuollon reittiopas","https://reittiopas.matkahuolto.fi/","constants.tsx","ok","200","ok","https://reittiopas.matkahuolto.fi/","matkahuolto.fi","matkahuolto.fi","ei","Oy Matkahuolto Ab","huomio","Paremmin perillä","35","tarkista","","","HTML-sivulta ei löytynyt otsikkoa; Sivun otsikko tai sisältö ei selvästi vastaa linkin nimeä; Sisältötarkistus vaatii huomiota"
"26.7.2026 klo 11.37","Palvelukategoriat","Liikenne","Nysse reittiopas","https://reittiopas.tampere.fi/","constants.tsx","ok","200","ok","https://reittiopas.tampere.fi/","tampere.fi","tampere.fi","ei","RDAP 429","huomio","Digitransit-reittiopas","35","tarkista","","","HTML-sivulta ei löytynyt otsikkoa; Sisältötarkistus vaatii huomiota"
"26.7.2026 klo 11.37","Palvelukategoriat","Liikenne","OnniBus","https://www.onnibus.com","constants.tsx","huomio","403","ok","https://www.onnibus.com/","onnibus.com","onnibus.com","ei","RDAP 429","ei tarkistettu","","30","tarkista","","","HTTP 403; HTTP 403"
"26.7.2026 klo 11.37","Palvelukategoriat","Liikenne","Porin reittiopas","https://pori.digitransit.fi/","constants.tsx","ok","200","ok","https://pori.digitransit.fi/","digitransit.fi","digitransit.fi","ei","HSL Helsingin seudun liikenne","huomio","Digitransit-reittiopas","35","tarkista","","","HTML-sivulta ei löytynyt otsikkoa; Sisältötarkistus vaatii huomiota"
"26.7.2026 klo 11.37","Palvelukategoriat","Liikunta","Helsinki - etäliikuntavideot","https://www.hel.fi/fi/kulttuuri-ja-vapaa-aika/itsenaisesti-katsottavat-etaliikuntavideot","constants.tsx","huomio","403","ok","https://www.hel.fi/fi/kulttuuri-ja-vapaa-aika/itsenaisesti-katsottavat-etaliikuntavideot","hel.fi","hel.fi","ei","Elisa Oyj","ei tarkistettu","","30","tarkista","","","HTTP 403; HTTP 403"
"26.7.2026 klo 11.37","Palvelukategoriat","Liikunta","Tanssiin.fi - tanssit ja keikat","https://www.tanssiin.fi/keikat/","constants.tsx","huomio","404","ok","https://www.tanssiin.fi/keikat/","tanssiin.fi","tanssiin.fi","ei","RDAP 429","ei tarkistettu","","70","piilota","","","HTTP 404; HTTP 404"
"26.7.2026 klo 11.37","Palvelukategoriat","Musiikki","Tampere Filharmonia","https://www.tamperefilharmonia.fi/","constants.tsx","huomio","500","ok","https://www.tamperefilharmonia.fi/","tamperefilharmonia.fi","tamperefilharmonia.fi","ei","RDAP 429","ei tarkistettu","","60","piilota","","","HTTP 500; HTTP 500"
"26.7.2026 klo 11.37","Palvelukategoriat","Oikeus","Eduskunnan oikeusasiamies","https://www.oikeusasiamies.fi","constants.tsx","huomio","429","ok","https://oikeusasiamies.fi/etusivu","oikeusasiamies.fi","oikeusasiamies.fi","ei","RDAP 429","ei tarkistettu","","30","tarkista","","","HTTP 429; HTTP 429"
"26.7.2026 klo 11.37","Palvelukategoriat","Oikeus","Kuluttajaneuvonta","https://www.kkv.fi/kuluttajaneuvonta/","constants.tsx","huomio","500","ok","https://www.kkv.fi/kuluttajaneuvonta/","kkv.fi","kkv.fi","ei","RDAP 429","ei tarkistettu","","60","piilota","","","HTTP 500; HTTP 500"
"26.7.2026 klo 11.37","Palvelukategoriat","Oikeus","Kuluttajaneuvonta","https://www.kuluttajaneuvonta.fi","constants.tsx","huomio","500","ok","https://www.kkv.fi/kuluttaja-asiat/kuluttajaneuvonta/","kuluttajaneuvonta.fi","kkv.fi","kyllä","RDAP 429","ei tarkistettu","","110","piilota","","","HTTP 500; HTTP 500; Domain vaihtui: kuluttajaneuvonta.fi -> kkv.fi"
"26.7.2026 klo 11.37","Palvelukategoriat","Oikeus","Tasa-arvovaltuutettu","https://tasa-arvo.fi/","constants.tsx","huomio","429","ok","https://tasa-arvo.fi/etusivu","tasa-arvo.fi","tasa-arvo.fi","ei","RDAP 429","ei tarkistettu","","30","tarkista","","","HTTP 429; HTTP 429"
"26.7.2026 klo 11.37","Palvelukategoriat","Oikeus","Tietosuojavaltuutettu","https://tietosuoja.fi","constants.tsx","huomio","429","ok","https://tietosuoja.fi/etusivu","tietosuoja.fi","tietosuoja.fi","ei","RDAP 429","ei tarkistettu","","30","tarkista","","","HTTP 429; HTTP 429"
"26.7.2026 klo 11.37","Palvelukategoriat","Oikeus","Yhdenvertaisuusvaltuutettu","https://yhdenvertaisuusvaltuutettu.fi/","constants.tsx","huomio","429","ok","https://yhdenvertaisuusvaltuutettu.fi/etusivu","yhdenvertaisuusvaltuutettu.fi","yhdenvertaisuusvaltuutettu.fi","ei","RDAP 429","ei tarkistettu","","30","tarkista","","","HTTP 429; HTTP 429"
"26.7.2026 klo 11.37","Palvelukategoriat","Pankit","OP","https://www.op.fi","constants.tsx","ok","200","ok","https://www.op.fi/","op.fi","op.fi","ei","RDAP 429","huomio","Op.fi verkkopalvelu | OP","35","tarkista","","","Sivun otsikko tai sisältö ei selvästi vastaa linkin nimeä; Sisältötarkistus vaatii huomiota"
"26.7.2026 klo 11.37","Palvelukategoriat","Puhelinnumerot","Aktia kortin sulkupalvelu","https://seniorsurf.fi/materiaalipankki/verkkopankit-ja-mobiilipankit/","constants.tsx","ok","200","ok","https://seniorsurf.fi/materiaalipankki/verkkopankit-ja-mobiilipankit/","seniorsurf.fi","seniorsurf.fi","ei","RDAP 429","huomio","Verkkopankit ja mobiilipankit &#8212; SeniorSurf","35","tarkista","","","Sivun otsikko tai sisältö ei selvästi vastaa linkin nimeä; Sisältötarkistus vaatii huomiota"
"26.7.2026 klo 11.37","Palvelukategoriat","Puhelinnumerot","Danske Bank kortin sulkupalvelu","https://seniorsurf.fi/materiaalipankki/verkkopankit-ja-mobiilipankit/","constants.tsx","ok","200","ok","https://seniorsurf.fi/materiaalipankki/verkkopankit-ja-mobiilipankit/","seniorsurf.fi","seniorsurf.fi","ei","RDAP 429","huomio","Verkkopankit ja mobiilipankit &#8212; SeniorSurf","35","tarkista","","","Sivun otsikko tai sisältö ei selvästi vastaa linkin nimeä; Sisältötarkistus vaatii huomiota"
"26.7.2026 klo 11.37","Palvelukategoriat","Puhelinnumerot","OP kortin sulkupalvelu","https://seniorsurf.fi/materiaalipankki/verkkopankit-ja-mobiilipankit/","constants.tsx","ok","200","ok","https://seniorsurf.fi/materiaalipankki/verkkopankit-ja-mobiilipankit/","seniorsurf.fi","seniorsurf.fi","ei","RDAP 429","huomio","Verkkopankit ja mobiilipankit &#8212; SeniorSurf","35","tarkista","","","Sivun otsikko tai sisältö ei selvästi vastaa linkin nimeä; Sisältötarkistus vaatii huomiota"
"26.7.2026 klo 11.37","Palvelukategoriat","Puhelinnumerot","Ålandsbanken Internetkonttorin sulku","https://seniorsurf.fi/materiaalipankki/verkkopankit-ja-mobiilipankit/","constants.tsx","ok","200","ok","https://seniorsurf.fi/materiaalipankki/verkkopankit-ja-mobiilipankit/","seniorsurf.fi","seniorsurf.fi","ei","RDAP 429","huomio","Verkkopankit ja mobiilipankit &#8212; SeniorSurf","35","tarkista","","","Sivun otsikko tai sisältö ei selvästi vastaa linkin nimeä; Sisältötarkistus vaatii huomiota"
"26.7.2026 klo 11.37","Palvelukategoriat","Ruoka","K-Ruoka","https://www.k-ruoka.fi","constants.tsx","huomio","403","ok","https://www.k-ruoka.fi/","k-ruoka.fi","k-ruoka.fi","ei","RDAP 429","ei tarkistettu","","30","tarkista","","","HTTP 403; HTTP 403"
"26.7.2026 klo 11.37","Palvelukategoriat","Sosiaalinen media","X (Twitter)","https://www.x.com","constants.tsx","ok","200","ok","https://twitter.com/","x.com","twitter.com","kyllä","RDAP 429","huomio","X. It’s what’s happening / X","85","piilota","","","Sivun otsikko tai sisältö ei selvästi vastaa linkin nimeä; Domain vaihtui: x.com -> twitter.com; Sisältötarkistus vaatii huomiota"
"26.7.2026 klo 11.37","Palvelukategoriat","Sovellukset","112 Suomi","https://112.fi","constants.tsx","huomio","429","ok","https://112.fi/etusivu","112.fi","112.fi","ei","RDAP 429","ei tarkistettu","","30","tarkista","","","HTTP 429; HTTP 429"
"26.7.2026 klo 11.37","Palvelukategoriat","Sovellukset","Huawei AppGallery","https://appgallery.huawei.com","constants.tsx","ok","206","ok","https://appgallery.huawei.com/","huawei.com","huawei.com","ei","RDAP 429","huomio","","35","tarkista","","","HTML-sivulta ei löytynyt otsikkoa; Sivun otsikko tai sisältö ei selvästi vastaa linkin nimeä; Sisältötarkistus vaatii huomiota"
"26.7.2026 klo 11.37","Palvelukategoriat","Sukututkimus","Kansallisarkisto","https://arkisto.fi","constants.tsx","huomio","429","ok","https://kansallisarkisto.fi/etusivu","arkisto.fi","kansallisarkisto.fi","kyllä","Kansallisarkisto","ei tarkistettu","","80","piilota","","","HTTP 429; HTTP 429; Domain vaihtui: arkisto.fi -> kansallisarkisto.fi"
"26.7.2026 klo 11.37","Palvelukategoriat","Sähköposti","Outlook / Hotmail","https://outlook.live.com","constants.tsx","huomio","417","ok","https://outlook.live.com/mail/","live.com","live.com","ei","RDAP 429","ei tarkistettu","","50","piilota","","","HTTP 417; HTTP 417"
"26.7.2026 klo 11.37","Palvelukategoriat","Teatterit","Klockriketeatern","https://www.klockrike.fi/sv/start/","constants.tsx","ok","200","ok","https://klockrike.fi/en/","klockrike.fi","klockrike.fi","ei","RDAP 429","huomio","Start - klockrike.fi","35","tarkista","","","Sivun otsikko tai sisältö ei selvästi vastaa linkin nimeä; Sisältötarkistus vaatii huomiota"
"26.7.2026 klo 11.37","Palvelukategoriat","Teatterit","Rakastajat-teatteri","https://rakastajat.fi/","constants.tsx","ok","200","ok","https://rakastajat.fi/","rakastajat.fi","rakastajat.fi","ei","RDAP 429","huomio","Teatteria, stand upia, keikkoja ja tapahtumia Porissa | Rakastajat-teatteri","35","tarkista","","","Sivu vaikuttaa parkkisivulta tai myytävältä domainilta; Sisältötarkistus vaatii huomiota"
"26.7.2026 klo 11.37","Palvelukategoriat","Tekniikka","Mikrobitti","https://www.mikrobitti.fi","constants.tsx","ok","200","ok","https://www.iltalehti.fi/bitti?utm_source=mikrobitti&utm_medium=almainternal&utm_campaign=mb_redirect","mikrobitti.fi","iltalehti.fi","kyllä","RDAP 429","huomio","Bitti | Iltalehti","85","piilota","","","Sivun otsikko tai sisältö ei selvästi vastaa linkin nimeä; Domain vaihtui: mikrobitti.fi -> iltalehti.fi; Sisältötarkistus vaatii huomiota"
"26.7.2026 klo 11.37","Palvelukategoriat","Terveys","Mehiläinen","https://www.mehilainen.fi","constants.tsx","huomio","429","ok","https://www.mehilainen.fi/","mehilainen.fi","mehilainen.fi","ei","RDAP 429","ei tarkistettu","","30","tarkista","","","HTTP 429; HTTP 429"
"26.7.2026 klo 11.37","Palvelukategoriat","Terveys","THL","https://thl.fi","constants.tsx","huomio","429","ok","https://thl.fi/etusivu","thl.fi","thl.fi","ei","RDAP 429","ei tarkistettu","","30","tarkista","","","HTTP 429; HTTP 429"
"26.7.2026 klo 11.37","Palvelukategoriat","Tiede","Heureka","https://www.heureka.fi","constants.tsx","ok","200","ok","https://www.heureka.fi/","heureka.fi","heureka.fi","ei","Tiedekeskussäätiö","huomio","Heureka &ndash; Tiedekeskus Heureka","35","tarkista","","","Sivu vaikuttaa parkkisivulta tai myytävältä domainilta; Sisältötarkistus vaatii huomiota"
"26.7.2026 klo 11.37","Palvelukategoriat","Turvallisuus","112.fi - Hätäkeskus","https://112.fi","constants.tsx","huomio","429","ok","https://112.fi/etusivu","112.fi","112.fi","ei","RDAP 429","ei tarkistettu","","30","tarkista","","","HTTP 429; HTTP 429"
"26.7.2026 klo 11.37","Palvelukategoriat","Turvallisuus","Pelastustoimi","https://pelastustoimi.fi","constants.tsx","huomio","429","ok","https://pelastustoimi.fi/etusivu","pelastustoimi.fi","pelastustoimi.fi","ei","Sisäministeriö pelastustoimi","ei tarkistettu","","30","tarkista","","","HTTP 429; HTTP 429"
"26.7.2026 klo 11.37","Palvelukategoriat","Turvallisuus","Poliisi","https://poliisi.fi","constants.tsx","huomio","429","ok","https://poliisi.fi/etusivu","poliisi.fi","poliisi.fi","ei","RDAP 429","ei tarkistettu","","30","tarkista","","","HTTP 429; HTTP 429"
"26.7.2026 klo 11.37","Palvelukategoriat","Urheilu","Tulospalvelu.fi","https://www.tulospalvelu.fi","constants.tsx","ok","200","ok","https://www.tulospalvelu.fi/","tulospalvelu.fi","tulospalvelu.fi","ei","RDAP 429","huomio","","35","tarkista","","","HTML-sivulta ei löytynyt otsikkoa; Sivun otsikko tai sisältö ei selvästi vastaa linkin nimeä; Sisältötarkistus vaatii huomiota"
"26.7.2026 klo 11.37","Palvelukategoriat","Verkkokaupat","K-Ruoka Kauppa","https://www.k-ruoka.fi/kauppa","constants.tsx","huomio","403","ok","https://www.k-ruoka.fi/kauppa","k-ruoka.fi","k-ruoka.fi","ei","RDAP 429","ei tarkistettu","","30","tarkista","","","HTTP 403; HTTP 403"
"26.7.2026 klo 11.37","Palvelukategoriat","Verkkokaupat","Zalando","https://www.zalando.fi","constants.tsx","huomio","503","ok","https://www.zalando.fi/","zalando.fi","zalando.fi","ei","RDAP 429","ei tarkistettu","","60","piilota","","","HTTP 503; HTTP 503"
"26.7.2026 klo 11.37","Uutisvirrat","Kokemäki","Kokemäkeläinen","http://kokemakelainen.net/feed/","localNewspaperFeeds.ts","ok","200","huomio","http://kokemakelainen.net/feed/","kokemakelainen.net","kokemakelainen.net","ei","RDAP 429","ok","Kokemäkeläinen","110","piilota","","","Ei HTTPS-yhteyttä; Ei HTTPS-yhteyttä; Turvallisuushuomio; Lopullinen osoite ei käytä HTTPS-yhteyttä"
"26.7.2026 klo 11.37","Uutisvirrat","Reisjärvi","Reisjärvi uutiset","https://www.reisjarvi.fi/rss.xml","municipalityNewsFeeds.ts","ok","200","ok","https://www.reisjarvi.fi/rss.xml","reisjarvi.fi","reisjarvi.fi","ei","RDAP 429","huomio","","35","tarkista","","","Sisältötarkistus aikakatkaistiin; Sisältötarkistus vaatii huomiota"
"26.7.2026 klo 11.37","Uutisvirrat","Seinäjoki","Seinäjoki uutiset","https://www.seinajoki.fi/feed/","municipalityNewsFeeds.ts","ok","200","ok","https://www.seinajoki.fi/feed/","seinajoki.fi","seinajoki.fi","ei","RDAP 429","huomio","","35","tarkista","","","Sisältötarkistus aikakatkaistiin; Sisältötarkistus vaatii huomiota"
"26.7.2026 klo 11.37","Uutisvirrat","Siilinjärvi","Siilinjärvi uutiset","https://siilinjarvi.fi/feed/","municipalityNewsFeeds.ts","ok","200","ok","https://siilinjarvi.fi/feed/","siilinjarvi.fi","siilinjarvi.fi","ei","RDAP 429","huomio","","35","tarkista","","","Sisältötarkistus aikakatkaistiin; Sisältötarkistus vaatii huomiota"
